지역,연도,평균가격
서울,2006,521.3
도심권,2006,562.6
동북권,2006,295.0
동남권,2006,763.9
서북권,2006,376.2
서남권,2006,416.4
부산,2006,151.2
대구,2006,174.0
인천,2006,177.0
광주,2006,115.5
대전,2006,188.0
울산,2006,127.2
경기,2006,308.7
강원,2006,100.6
충북,2006,118.4
충남,2006,131.9
전북,2006,90.1
전남,2006,73.9
경북,2006,95.1
경남,2006,142.7
제주,2006,114.9
서울,2006,471.6
도심권,2006,540.7
동북권,2006,300.4
동남권,2006,760.0
서북권,2006,350.8
서남권,2006,398.4
부산,2006,153.1
대구,2006,169.7
인천,2006,174.1
광주,2006,112.9
대전,2006,178.3
울산,2006,124.7
경기,2006,273.4
강원,2006,101.8
충북,2006,120.2
충남,2006,129.0
전북,2006,89.6
전남,2006,72.5
경북,2006,97.3
경남,2006,130.1
제주,2006,107.8
서울,2006,501.2
도심권,2006,551.6
동북권,2006,310.1
동남권,2006,813.4
서북권,2006,368.7
서남권,2006,406.8
부산,2006,150.1
대구,2006,166.8
인천,2006,176.3
광주,2006,113.3
대전,2006,173.8
울산,2006,124.9
경기,2006,286.9
강원,2006,100.1
충북,2006,119.1
충남,2006,124.4
전북,2006,86.8
전남,2006,71.6
경북,2006,97.3
경남,2006,132.9
제주,2006,112.4
서울,2006,451.1
도심권,2006,534.3
동북권,2006,307.9
동남권,2006,758.6
서북권,2006,364.6
서남권,2006,380.1
부산,2006,146.1
대구,2006,166.2
인천,2006,179.9
광주,2006,115.0
대전,2006,180.6
울산,2006,130.7
경기,2006,275.2
강원,2006,100.8
충북,2006,113.5
충남,2006,126.3
전북,2006,89.1
전남,2006,73.1
경북,2006,96.9
경남,2006,124.8
제주,2006,109.9
서울,2006,418.3
도심권,2006,516.5
동북권,2006,311.2
동남권,2006,697.1
서북권,2006,364.4
서남권,2006,363.9
부산,2006,144.9
대구,2006,164.2
인천,2006,180.0
광주,2006,110.8
대전,2006,176.1
울산,2006,133.6
경기,2006,268.7
강원,2006,99.8
충북,2006,111.8
충남,2006,121.7
전북,2006,88.0
전남,2006,74.0
경북,2006,97.2
경남,2006,123.7
제주,2006,109.5
서울,2006,382.0
도심권,2006,479.2
동북권,2006,301.9
동남권,2006,652.5
서북권,2006,345.9
서남권,2006,345.6
부산,2006,142.8
대구,2006,162.7
인천,2006,183.4
광주,2006,111.3
대전,2006,164.8
울산,2006,132.4
경기,2006,248.8
강원,2006,96.9
충북,2006,124.3
충남,2006,123.6
전북,2006,89.0
전남,2006,76.0
경북,2006,99.3
경남,2006,123.7
제주,2006,126.3
서울,2006,372.3
도심권,2006,473.3
동북권,2006,301.7
동남권,2006,658.5
서북권,2006,340.5
서남권,2006,346.5
부산,2006,146.8
대구,2006,162.8
인천,2006,185.9
광주,2006,112.0
대전,2006,160.0
울산,2006,130.5
경기,2006,240.1
강원,2006,99.0
충북,2006,129.7
충남,2006,127.3
전북,2006,91.0
전남,2006,77.4
경북,2006,98.1
경남,2006,123.9
제주,2006,116.0
서울,2006,389.6
도심권,2006,479.0
동북권,2006,302.6
동남권,2006,693.5
서북권,2006,365.3
서남권,2006,356.6
부산,2006,147.7
대구,2006,165.3
인천,2006,188.0
광주,2006,112.1
대전,2006,159.4
울산,2006,139.5
경기,2006,243.8
강원,2006,100.3
충북,2006,127.2
충남,2006,129.7
전북,2006,94.2
전남,2006,78.2
경북,2006,103.1
경남,2006,126.2
제주,2006,127.1
서울,2006,431.9
도심권,2006,514.4
동북권,2006,313.2
동남권,2006,757.4
서북권,2006,382.9
서남권,2006,387.2
부산,2006,147.1
대구,2006,165.0
인천,2006,187.2
광주,2006,114.7
대전,2006,168.5
울산,2006,146.8
경기,2006,265.8
강원,2006,98.4
충북,2006,123.7
충남,2006,130.2
전북,2006,93.6
전남,2006,77.0
경북,2006,101.9
경남,2006,135.2
제주,2006,120.9
서울,2006,494.3
도심권,2006,578.6
동북권,2006,330.1
동남권,2006,825.3
서북권,2006,396.8
서남권,2006,434.0
부산,2006,151.5
대구,2006,169.4
인천,2006,194.5
광주,2006,115.2
대전,2006,176.7
울산,2006,150.7
경기,2006,307.2
강원,2006,98.6
충북,2006,120.7
충남,2006,128.1
전북,2006,96.4
전남,2006,78.7
경북,2006,104.6
경남,2006,137.7
제주,2006,131.1
서울,2006,428.3
도심권,2006,553.7
동북권,2006,318.0
동남권,2006,760.8
서북권,2006,360.8
서남권,2006,403.7
부산,2006,159.8
대구,2006,173.1
인천,2006,193.3
광주,2006,116.5
대전,2006,177.3
울산,2006,159.2
경기,2006,282.0
강원,2006,95.8
충북,2006,122.8
충남,2006,130.7
전북,2006,97.1
전남,2006,78.9
경북,2006,106.3
경남,2006,157.4
제주,2006,129.1
서울,2006,450.8
도심권,2006,524.2
동북권,2006,320.5
동남권,2006,795.7
서북권,2006,381.4
서남권,2006,394.6
부산,2006,160.1
대구,2006,172.4
인천,2006,192.4
광주,2006,117.4
대전,2006,173.6
울산,2006,165.3
경기,2006,272.1
강원,2006,95.7
충북,2006,119.5
충남,2006,126.1
전북,2006,100.5
전남,2006,77.7
경북,2006,107.2
경남,2006,143.5
제주,2006,127.5
서울,2007,398.9
도심권,2007,510.6
동북권,2007,320.0
동남권,2007,664.2
서북권,2007,369.4
서남권,2007,368.5
부산,2007,155.0
대구,2007,166.1
인천,2007,192.3
광주,2007,117.4
대전,2007,161.1
울산,2007,170.6
경기,2007,250.4
강원,2007,99.3
충북,2007,120.1
충남,2007,129.9
전북,2007,100.9
전남,2007,84.2
경북,2007,103.3
경남,2007,135.6
제주,2007,122.8
서울,2007,414.7
도심권,2007,536.3
동북권,2007,324.3
동남권,2007,693.4
서북권,2007,371.2
서남권,2007,381.6
부산,2007,156.0
대구,2007,163.0
인천,2007,194.4
광주,2007,117.6
대전,2007,156.5
울산,2007,163.6
경기,2007,251.5
강원,2007,100.4
충북,2007,121.5
충남,2007,129.3
전북,2007,99.4
전남,2007,83.4
경북,2007,106.4
경남,2007,131.6
제주,2007,121.6
서울,2007,410.2
도심권,2007,520.9
동북권,2007,327.7
동남권,2007,708.4
서북권,2007,384.2
서남권,2007,393.8
부산,2007,156.7
대구,2007,162.7
인천,2007,193.2
광주,2007,115.1
대전,2007,155.8
울산,2007,161.7
경기,2007,252.8
강원,2007,97.7
충북,2007,117.6
충남,2007,127.8
전북,2007,96.7
전남,2007,82.0
경북,2007,104.4
경남,2007,129.7
제주,2007,120.1
서울,2007,421.8
도심권,2007,585.4
동북권,2007,332.7
동남권,2007,712.5
서북권,2007,371.5
서남권,2007,407.8
부산,2007,151.7
대구,2007,162.1
인천,2007,201.8
광주,2007,115.7
대전,2007,164.5
울산,2007,169.1
경기,2007,259.5
강원,2007,98.1
충북,2007,117.4
충남,2007,128.1
전북,2007,97.0
전남,2007,80.5
경북,2007,104.8
경남,2007,129.6
제주,2007,124.7
서울,2007,465.0
도심권,2007,576.1
동북권,2007,335.9
동남권,2007,801.1
서북권,2007,372.5
서남권,2007,419.2
부산,2007,149.6
대구,2007,162.4
인천,2007,207.0
광주,2007,113.9
대전,2007,153.4
울산,2007,155.8
경기,2007,271.2
강원,2007,96.8
충북,2007,112.0
충남,2007,127.9
전북,2007,95.0
전남,2007,78.2
경북,2007,102.5
경남,2007,126.7
제주,2007,137.0
서울,2007,486.0
도심권,2007,611.1
동북권,2007,354.5
동남권,2007,814.3
서북권,2007,395.7
서남권,2007,437.5
부산,2007,156.7
대구,2007,164.2
인천,2007,213.1
광주,2007,117.7
대전,2007,165.3
울산,2007,165.1
경기,2007,283.7
강원,2007,98.4
충북,2007,129.5
충남,2007,133.5
전북,2007,97.1
전남,2007,82.4
경북,2007,105.9
경남,2007,137.1
제주,2007,120.7
서울,2007,454.8
도심권,2007,586.8
동북권,2007,354.4
동남권,2007,772.1
서북권,2007,411.0
서남권,2007,422.6
부산,2007,160.7
대구,2007,166.7
인천,2007,219.2
광주,2007,117.9
대전,2007,162.0
울산,2007,167.2
경기,2007,274.4
강원,2007,98.9
충북,2007,121.4
충남,2007,131.2
전북,2007,100.1
전남,2007,86.1
경북,2007,107.3
경남,2007,173.9
제주,2007,127.1
서울,2007,445.0
도심권,2007,613.7
동북권,2007,360.4
동남권,2007,724.5
서북권,2007,401.1
서남권,2007,420.8
부산,2007,157.8
대구,2007,165.3
인천,2007,224.9
광주,2007,117.7
대전,2007,158.4
울산,2007,164.8
경기,2007,271.7
강원,2007,100.7
충북,2007,114.9
충남,2007,125.3
전북,2007,98.2
전남,2007,84.0
경북,2007,106.9
경남,2007,137.2
제주,2007,132.4
서울,2007,463.0
도심권,2007,606.2
동북권,2007,368.7
동남권,2007,794.2
서북권,2007,413.7
서남권,2007,432.7
부산,2007,158.6
대구,2007,166.0
인천,2007,228.7
광주,2007,119.5
대전,2007,162.2
울산,2007,166.6
경기,2007,283.0
강원,2007,102.6
충북,2007,118.6
충남,2007,133.5
전북,2007,98.5
전남,2007,84.4
경북,2007,111.6
경남,2007,141.4
제주,2007,138.6
서울,2007,470.0
도심권,2007,602.3
동북권,2007,375.4
동남권,2007,780.5
서북권,2007,424.8
서남권,2007,442.2
부산,2007,158.1
대구,2007,168.3
인천,2007,237.6
광주,2007,119.9
대전,2007,163.2
울산,2007,163.3
경기,2007,287.2
강원,2007,103.6
충북,2007,117.7
충남,2007,132.2
전북,2007,99.8
전남,2007,88.6
경북,2007,106.6
경남,2007,137.8
제주,2007,133.7
서울,2007,483.2
도심권,2007,654.4
동북권,2007,383.6
동남권,2007,799.6
서북권,2007,440.8
서남권,2007,454.3
부산,2007,161.5
대구,2007,168.0
인천,2007,241.9
광주,2007,121.0
대전,2007,163.3
울산,2007,161.6
경기,2007,298.8
강원,2007,101.9
충북,2007,119.3
충남,2007,130.5
전북,2007,102.6
전남,2007,88.8
경북,2007,106.1
경남,2007,141.0
제주,2007,138.5
서울,2007,492.7
도심권,2007,635.4
동북권,2007,392.6
동남권,2007,807.7
서북권,2007,441.2
서남권,2007,458.0
부산,2007,165.3
대구,2007,169.2
인천,2007,244.7
광주,2007,120.3
대전,2007,169.0
울산,2007,166.6
경기,2007,304.9
강원,2007,104.0
충북,2007,119.9
충남,2007,130.9
전북,2007,108.2
전남,2007,88.5
경북,2007,109.1
경남,2007,144.4
제주,2007,135.2
서울,2008,478.2
도심권,2008,603.9
동북권,2008,402.2
동남권,2008,773.4
서북권,2008,448.6
서남권,2008,444.6
부산,2008,166.9
대구,2008,168.1
인천,2008,246.1
광주,2008,123.0
대전,2008,166.0
울산,2008,165.1
경기,2008,302.3
강원,2008,109.1
충북,2008,125.5
충남,2008,132.2
전북,2008,108.5
전남,2008,92.6
경북,2008,109.0
경남,2008,145.1
제주,2008,125.4
서울,2008,486.6
도심권,2008,593.4
동북권,2008,414.3
동남권,2008,770.1
서북권,2008,450.0
서남권,2008,455.8
부산,2008,167.0
대구,2008,166.7
인천,2008,249.2
광주,2008,122.6
대전,2008,161.4
울산,2008,169.5
경기,2008,302.3
강원,2008,105.4
충북,2008,122.0
충남,2008,133.8
전북,2008,104.9
전남,2008,93.3
경북,2008,111.3
경남,2008,141.8
제주,2008,134.2
서울,2008,502.5
도심권,2008,601.2
동북권,2008,441.4
동남권,2008,757.1
서북권,2008,473.8
서남권,2008,465.1
부산,2008,165.8
대구,2008,167.5
인천,2008,256.0
광주,2008,120.4
대전,2008,161.0
울산,2008,170.9
경기,2008,308.3
강원,2008,107.3
충북,2008,124.8
충남,2008,133.1
전북,2008,106.9
전남,2008,92.9
경북,2008,110.6
경남,2008,139.3
제주,2008,131.1
서울,2008,532.5
도심권,2008,627.3
동북권,2008,474.4
동남권,2008,771.9
서북권,2008,478.4
서남권,2008,482.0
부산,2008,170.1
대구,2008,167.3
인천,2008,266.6
광주,2008,122.3
대전,2008,161.1
울산,2008,172.7
경기,2008,318.3
강원,2008,109.8
충북,2008,120.0
충남,2008,134.5
전북,2008,108.2
전남,2008,92.3
경북,2008,110.9
경남,2008,140.4
제주,2008,143.0
서울,2008,552.9
도심권,2008,666.0
동북권,2008,489.5
동남권,2008,782.8
서북권,2008,489.9
서남권,2008,499.8
부산,2008,167.4
대구,2008,170.0
인천,2008,276.0
광주,2008,122.9
대전,2008,165.8
울산,2008,173.1
경기,2008,323.1
강원,2008,114.1
충북,2008,121.1
충남,2008,137.3
전북,2008,111.2
전남,2008,96.9
경북,2008,107.6
경남,2008,143.3
제주,2008,128.2
서울,2008,557.7
도심권,2008,636.8
동북권,2008,498.9
동남권,2008,774.8
서북권,2008,504.7
서남권,2008,495.9
부산,2008,169.3
대구,2008,169.1
인천,2008,282.7
광주,2008,126.4
대전,2008,164.7
울산,2008,173.6
경기,2008,325.4
강원,2008,118.8
충북,2008,125.4
충남,2008,141.8
전북,2008,113.3
전남,2008,99.0
경북,2008,111.0
경남,2008,146.0
제주,2008,147.9
서울,2008,558.7
도심권,2008,634.2
동북권,2008,492.1
동남권,2008,764.7
서북권,2008,494.5
서남권,2008,494.9
부산,2008,164.1
대구,2008,168.8
인천,2008,287.9
광주,2008,124.5
대전,2008,162.8
울산,2008,170.3
경기,2008,318.8
강원,2008,117.7
충북,2008,125.3
충남,2008,143.7
전북,2008,115.4
전남,2008,96.0
경북,2008,110.1
경남,2008,145.8
제주,2008,138.9
서울,2008,566.5
도심권,2008,672.0
동북권,2008,483.5
동남권,2008,785.7
서북권,2008,479.7
서남권,2008,492.4
부산,2008,165.0
대구,2008,167.4
인천,2008,289.5
광주,2008,124.2
대전,2008,159.0
울산,2008,171.2
경기,2008,314.9
강원,2008,115.8
충북,2008,120.5
충남,2008,146.9
전북,2008,120.2
전남,2008,96.8
경북,2008,111.7
경남,2008,144.6
제주,2008,125.2
서울,2008,573.6
도심권,2008,588.9
동북권,2008,482.7
동남권,2008,782.4
서북권,2008,478.2
서남권,2008,505.7
부산,2008,162.2
대구,2008,163.9
인천,2008,292.2
광주,2008,124.8
대전,2008,158.9
울산,2008,165.8
경기,2008,311.0
강원,2008,115.0
충북,2008,119.0
충남,2008,148.8
전북,2008,108.5
전남,2008,95.4
경북,2008,105.8
경남,2008,146.5
제주,2008,139.4
서울,2008,557.9
도심권,2008,572.0
동북권,2008,469.4
동남권,2008,772.6
서북권,2008,462.1
서남권,2008,487.2
부산,2008,157.4
대구,2008,164.5
인천,2008,280.7
광주,2008,125.1
대전,2008,156.6
울산,2008,158.6
경기,2008,300.4
강원,2008,106.3
충북,2008,114.1
충남,2008,138.3
전북,2008,110.3
전남,2008,96.3
경북,2008,106.1
경남,2008,143.1
제주,2008,128.9
서울,2008,618.2
도심권,2008,651.9
동북권,2008,458.5
동남권,2008,825.9
서북권,2008,467.3
서남권,2008,523.4
부산,2008,157.4
대구,2008,161.6
인천,2008,295.9
광주,2008,122.6
대전,2008,160.1
울산,2008,166.3
경기,2008,317.7
강원,2008,104.8
충북,2008,119.1
충남,2008,135.8
전북,2008,112.2
전남,2008,103.8
경북,2008,105.8
경남,2008,140.7
제주,2008,128.8
서울,2008,627.4
도심권,2008,610.2
동북권,2008,441.0
동남권,2008,792.7
서북권,2008,474.5
서남권,2008,524.0
부산,2008,160.6
대구,2008,165.5
인천,2008,296.4
광주,2008,124.7
대전,2008,165.5
울산,2008,176.9
경기,2008,317.8
강원,2008,98.6
충북,2008,114.2
충남,2008,131.0
전북,2008,115.0
전남,2008,93.5
경북,2008,106.1
경남,2008,144.1
제주,2008,130.7
서울,2009,662.2
도심권,2009,694.4
동북권,2009,455.8
동남권,2009,826.1
서북권,2009,467.4
서남권,2009,584.9
부산,2009,167.6
대구,2009,164.4
인천,2009,290.0
광주,2009,128.9
대전,2009,167.9
울산,2009,172.2
경기,2009,350.7
강원,2009,115.4
충북,2009,126.4
충남,2009,147.1
전북,2009,121.5
전남,2009,98.0
경북,2009,110.3
경남,2009,154.8
제주,2009,126.3
서울,2009,624.2
도심권,2009,664.8
동북권,2009,460.2
동남권,2009,836.0
서북권,2009,473.7
서남권,2009,548.2
부산,2009,167.9
대구,2009,163.5
인천,2009,283.2
광주,2009,127.1
대전,2009,170.0
울산,2009,178.1
경기,2009,346.5
강원,2009,111.0
충북,2009,124.8
충남,2009,145.2
전북,2009,118.8
전남,2009,99.9
경북,2009,113.7
경남,2009,152.4
제주,2009,134.1
서울,2009,642.0
도심권,2009,646.5
동북권,2009,458.9
동남권,2009,863.5
서북권,2009,492.7
서남권,2009,533.1
부산,2009,171.5
대구,2009,161.6
인천,2009,278.9
광주,2009,125.1
대전,2009,167.8
울산,2009,168.3
경기,2009,331.0
강원,2009,112.7
충북,2009,124.5
충남,2009,138.9
전북,2009,114.5
전남,2009,103.1
경북,2009,112.6
경남,2009,150.7
제주,2009,150.1
서울,2009,637.4
도심권,2009,681.4
동북권,2009,475.8
동남권,2009,847.7
서북권,2009,519.8
서남권,2009,557.0
부산,2009,177.6
대구,2009,169.4
인천,2009,281.0
광주,2009,126.7
대전,2009,179.0
울산,2009,182.2
경기,2009,352.6
강원,2009,115.2
충북,2009,122.9
충남,2009,150.4
전북,2009,118.4
전남,2009,103.8
경북,2009,114.6
경남,2009,155.8
제주,2009,141.4
서울,2009,621.3
도심권,2009,662.8
동북권,2009,472.9
동남권,2009,868.0
서북권,2009,516.1
서남권,2009,542.2
부산,2009,179.0
대구,2009,169.0
인천,2009,281.7
광주,2009,129.3
대전,2009,180.1
울산,2009,184.0
경기,2009,335.4
강원,2009,115.5
충북,2009,128.2
충남,2009,142.7
전북,2009,120.7
전남,2009,101.4
경북,2009,118.8
경남,2009,160.0
제주,2009,157.8
서울,2009,655.7
도심권,2009,697.2
동북권,2009,482.9
동남권,2009,929.0
서북권,2009,519.9
서남권,2009,554.8
부산,2009,182.1
대구,2009,174.7
인천,2009,288.7
광주,2009,130.9
대전,2009,182.1
울산,2009,180.1
경기,2009,346.4
강원,2009,116.7
충북,2009,128.4
충남,2009,148.1
전북,2009,121.4
전남,2009,101.0
경북,2009,116.5
경남,2009,156.7
제주,2009,148.7
서울,2009,635.9
도심권,2009,705.9
동북권,2009,483.2
동남권,2009,895.3
서북권,2009,541.0
서남권,2009,550.5
부산,2009,188.9
대구,2009,173.4
인천,2009,289.2
광주,2009,133.7
대전,2009,182.8
울산,2009,182.1
경기,2009,342.5
강원,2009,114.1
충북,2009,132.2
충남,2009,148.0
전북,2009,124.4
전남,2009,104.1
경북,2009,118.3
경남,2009,160.2
제주,2009,154.4
서울,2009,650.0
도심권,2009,732.9
동북권,2009,497.0
동남권,2009,918.3
서북권,2009,540.2
서남권,2009,560.7
부산,2009,193.5
대구,2009,176.5
인천,2009,290.9
광주,2009,130.2
대전,2009,186.5
울산,2009,189.4
경기,2009,349.1
강원,2009,122.9
충북,2009,134.9
충남,2009,150.4
전북,2009,125.7
전남,2009,104.6
경북,2009,123.0
경남,2009,165.4
제주,2009,155.5
서울,2009,614.5
도심권,2009,752.7
동북권,2009,497.2
동남권,2009,879.2
서북권,2009,520.5
서남권,2009,536.4
부산,2009,191.8
대구,2009,176.7
인천,2009,292.1
광주,2009,131.3
대전,2009,184.6
울산,2009,185.5
경기,2009,332.0
강원,2009,121.6
충북,2009,133.7
충남,2009,146.9
전북,2009,129.2
전남,2009,107.9
경북,2009,124.1
경남,2009,164.4
제주,2009,149.3
서울,2009,588.7
도심권,2009,699.9
동북권,2009,485.5
동남권,2009,846.2
서북권,2009,528.9
서남권,2009,510.2
부산,2009,191.1
대구,2009,175.9
인천,2009,283.4
광주,2009,130.3
대전,2009,186.4
울산,2009,183.1
경기,2009,318.1
강원,2009,122.1
충북,2009,131.7
충남,2009,148.1
전북,2009,130.2
전남,2009,109.4
경북,2009,123.6
경남,2009,161.0
제주,2009,154.4
서울,2009,607.2
도심권,2009,703.3
동북권,2009,484.8
동남권,2009,869.0
서북권,2009,515.7
서남권,2009,527.8
부산,2009,193.7
대구,2009,174.7
인천,2009,279.4
광주,2009,131.3
대전,2009,187.8
울산,2009,187.3
경기,2009,316.1
강원,2009,119.5
충북,2009,136.7
충남,2009,147.2
전북,2009,132.2
전남,2009,111.6
경북,2009,123.9
경남,2009,164.8
제주,2009,160.2
서울,2009,658.9
도심권,2009,773.4
동북권,2009,483.2
동남권,2009,934.8
서북권,2009,505.1
서남권,2009,549.6
부산,2009,195.4
대구,2009,175.9
인천,2009,279.4
광주,2009,133.6
대전,2009,194.0
울산,2009,184.7
경기,2009,324.0
강원,2009,121.1
충북,2009,133.5
충남,2009,152.3
전북,2009,131.3
전남,2009,108.2
경북,2009,123.2
경남,2009,165.9
제주,2009,150.4
서울,2010,681.5
도심권,2010,747.9
동북권,2010,493.2
동남권,2010,966.8
서북권,2010,520.9
서남권,2010,562.3
부산,2010,202.6
대구,2010,175.8
인천,2010,288.1
광주,2010,135.7
대전,2010,198.3
울산,2010,191.4
경기,2010,341.2
강원,2010,127.3
충북,2010,142.6
충남,2010,153.0
전북,2010,135.9
전남,2010,114.5
경북,2010,123.8
경남,2010,173.9
제주,2010,158.8
서울,2010,619.0
도심권,2010,730.9
동북권,2010,491.7
동남권,2010,877.5
서북권,2010,493.1
서남권,2010,532.3
부산,2010,202.8
대구,2010,170.4
인천,2010,286.7
광주,2010,135.5
대전,2010,193.5
울산,2010,191.1
경기,2010,322.0
강원,2010,123.6
충북,2010,135.6
충남,2010,150.6
전북,2010,138.8
전남,2010,113.7
경북,2010,121.4
경남,2010,170.0
제주,2010,144.2
서울,2010,586.2
도심권,2010,716.0
동북권,2010,479.2
동남권,2010,839.3
서북권,2010,495.1
서남권,2010,507.0
부산,2010,198.4
대구,2010,170.7
인천,2010,279.1
광주,2010,133.8
대전,2010,189.5
울산,2010,190.7
경기,2010,308.2
강원,2010,121.4
충북,2010,133.8
충남,2010,148.3
전북,2010,136.2
전남,2010,111.0
경북,2010,119.0
경남,2010,170.5
제주,2010,154.9
서울,2010,566.7
도심권,2010,675.3
동북권,2010,458.7
동남권,2010,851.9
서북권,2010,483.3
서남권,2010,490.2
부산,2010,198.6
대구,2010,168.2
인천,2010,272.6
광주,2010,132.4
대전,2010,189.1
울산,2010,183.8
경기,2010,300.4
강원,2010,119.9
충북,2010,134.3
충남,2010,148.6
전북,2010,136.2
전남,2010,110.9
경북,2010,118.0
경남,2010,168.0
제주,2010,160.2
서울,2010,588.3
도심권,2010,671.4
동북권,2010,450.4
동남권,2010,872.0
서북권,2010,481.0
서남권,2010,508.0
부산,2010,199.1
대구,2010,169.5
인천,2010,275.2
광주,2010,133.8
대전,2010,190.5
울산,2010,188.5
경기,2010,303.8
강원,2010,121.4
충북,2010,138.6
충남,2010,155.5
전북,2010,139.6
전남,2010,113.6
경북,2010,117.6
경남,2010,171.7
제주,2010,148.7
서울,2010,598.4
도심권,2010,722.5
동북권,2010,455.2
동남권,2010,875.8
서북권,2010,491.1
서남권,2010,509.8
부산,2010,200.9
대구,2010,172.0
인천,2010,270.0
광주,2010,132.2
대전,2010,194.2
울산,2010,185.6
경기,2010,304.9
강원,2010,123.0
충북,2010,139.9
충남,2010,154.1
전북,2010,143.5
전남,2010,116.9
경북,2010,116.7
경남,2010,179.6
제주,2010,165.1
서울,2010,593.9
도심권,2010,688.9
동북권,2010,453.5
동남권,2010,853.1
서북권,2010,483.6
서남권,2010,503.2
부산,2010,204.2
대구,2010,169.7
인천,2010,272.3
광주,2010,128.4
대전,2010,202.9
울산,2010,186.9
경기,2010,301.6
강원,2010,118.8
충북,2010,138.7
충남,2010,149.4
전북,2010,139.9
전남,2010,117.0
경북,2010,119.1
경남,2010,178.2
제주,2010,161.4
서울,2010,599.0
도심권,2010,666.4
동북권,2010,443.0
동남권,2010,882.2
서북권,2010,492.2
서남권,2010,508.0
부산,2010,206.8
대구,2010,170.0
인천,2010,272.0
광주,2010,135.1
대전,2010,205.2
울산,2010,186.2
경기,2010,300.7
강원,2010,120.8
충북,2010,140.4
충남,2010,148.1
전북,2010,138.5
전남,2010,122.3
경북,2010,120.2
경남,2010,179.8
제주,2010,164.1
서울,2010,583.6
도심권,2010,645.9
동북권,2010,442.4
동남권,2010,878.6
서북권,2010,477.3
서남권,2010,501.0
부산,2010,209.4
대구,2010,171.9
인천,2010,271.8
광주,2010,135.5
대전,2010,204.5
울산,2010,194.7
경기,2010,306.2
강원,2010,123.3
충북,2010,140.5
충남,2010,150.7
전북,2010,145.6
전남,2010,121.9
경북,2010,120.7
경남,2010,191.7
제주,2010,167.4
서울,2010,602.2
도심권,2010,679.0
동북권,2010,452.6
동남권,2010,874.7
서북권,2010,495.7
서남권,2010,531.7
부산,2010,216.4
대구,2010,174.8
인천,2010,275.8
광주,2010,139.8
대전,2010,214.7
울산,2010,196.1
경기,2010,315.1
강원,2010,127.7
충북,2010,146.7
충남,2010,153.9
전북,2010,150.0
전남,2010,127.5
경북,2010,124.3
경남,2010,192.9
제주,2010,165.8
서울,2010,644.2
도심권,2010,688.3
동북권,2010,463.3
동남권,2010,927.3
서북권,2010,509.1
서남권,2010,549.2
부산,2010,228.8
대구,2010,181.3
인천,2010,279.4
광주,2010,142.8
대전,2010,223.4
울산,2010,197.0
경기,2010,331.1
강원,2010,130.5
충북,2010,151.0
충남,2010,159.7
전북,2010,149.4
전남,2010,126.7
경북,2010,125.6
경남,2010,200.2
제주,2010,177.2
서울,2010,647.8
도심권,2010,681.2
동북권,2010,470.4
동남권,2010,939.1
서북권,2010,517.1
서남권,2010,546.3
부산,2010,235.9
대구,2010,182.3
인천,2010,283.7
광주,2010,146.3
대전,2010,227.5
울산,2010,203.9
경기,2010,335.6
강원,2010,138.8
충북,2010,153.1
충남,2010,161.3
전북,2010,152.0
전남,2010,130.9
경북,2010,127.6
경남,2010,204.1
제주,2010,167.3
서울,2011,611.7
도심권,2011,697.1
동북권,2011,474.0
동남권,2011,884.4
서북권,2011,530.5
서남권,2011,535.7
부산,2011,242.8
대구,2011,188.3
인천,2011,283.9
광주,2011,152.1
대전,2011,233.1
울산,2011,208.2
경기,2011,335.8
강원,2011,144.3
충북,2011,165.7
충남,2011,169.7
전북,2011,162.3
전남,2011,132.6
경북,2011,131.8
경남,2011,215.9
제주,2011,169.2
서울,2011,584.2
도심권,2011,732.9
동북권,2011,470.5
동남권,2011,858.1
서북권,2011,497.0
서남권,2011,515.0
부산,2011,244.7
대구,2011,188.1
인천,2011,282.0
광주,2011,153.8
대전,2011,235.4
울산,2011,202.4
경기,2011,324.9
강원,2011,138.7
충북,2011,156.0
충남,2011,162.1
전북,2011,157.3
전남,2011,132.4
경북,2011,129.1
경남,2011,215.3
제주,2011,162.9
서울,2011,566.7
도심권,2011,695.6
동북권,2011,465.9
동남권,2011,841.3
서북권,2011,505.3
서남권,2011,504.3
부산,2011,244.5
대구,2011,186.6
인천,2011,276.7
광주,2011,158.6
대전,2011,233.9
울산,2011,197.7
경기,2011,312.5
강원,2011,135.8
충북,2011,156.7
충남,2011,162.5
전북,2011,156.6
전남,2011,130.2
경북,2011,128.3
경남,2011,222.3
제주,2011,179.4
서울,2011,570.9
도심권,2011,697.1
동북권,2011,463.3
동남권,2011,865.1
서북권,2011,485.0
서남권,2011,515.8
부산,2011,249.6
대구,2011,188.8
인천,2011,272.3
광주,2011,162.3
대전,2011,231.8
울산,2011,204.3
경기,2011,308.8
강원,2011,137.9
충북,2011,158.4
충남,2011,160.6
전북,2011,156.8
전남,2011,130.6
경북,2011,128.6
경남,2011,223.4
제주,2011,188.8
서울,2011,573.6
도심권,2011,679.2
동북권,2011,457.9
동남권,2011,865.2
서북권,2011,496.5
서남권,2011,514.0
부산,2011,252.9
대구,2011,194.6
인천,2011,273.3
광주,2011,167.1
대전,2011,247.5
울산,2011,211.5
경기,2011,313.0
강원,2011,138.6
충북,2011,164.3
충남,2011,163.3
전북,2011,162.4
전남,2011,127.3
경북,2011,129.9
경남,2011,217.9
제주,2011,181.8
서울,2011,576.8
도심권,2011,661.2
동북권,2011,453.5
동남권,2011,879.6
서북권,2011,469.1
서남권,2011,507.9
부산,2011,254.6
대구,2011,197.2
인천,2011,269.9
광주,2011,170.1
대전,2011,245.8
울산,2011,213.6
경기,2011,314.8
강원,2011,138.4
충북,2011,169.7
충남,2011,167.0
전북,2011,160.4
전남,2011,136.1
경북,2011,134.7
경남,2011,220.2
제주,2011,187.8
서울,2011,614.5
도심권,2011,653.9
동북권,2011,458.9
동남권,2011,922.7
서북권,2011,512.2
서남권,2011,522.7
부산,2011,259.2
대구,2011,201.2
인천,2011,270.4
광주,2011,171.4
대전,2011,240.4
울산,2011,223.9
경기,2011,318.6
강원,2011,145.9
충북,2011,169.9
충남,2011,173.8
전북,2011,163.6
전남,2011,139.5
경북,2011,136.9
경남,2011,224.4
제주,2011,183.0
서울,2011,571.5
도심권,2011,665.6
동북권,2011,452.5
동남권,2011,856.8
서북권,2011,511.7
서남권,2011,501.2
부산,2011,264.7
대구,2011,203.7
인천,2011,269.8
광주,2011,172.9
대전,2011,236.4
울산,2011,219.5
경기,2011,318.4
강원,2011,150.3
충북,2011,172.9
충남,2011,171.6
전북,2011,166.7
전남,2011,139.9
경북,2011,134.4
경남,2011,231.1
제주,2011,196.5
서울,2011,577.3
도심권,2011,712.3
동북권,2011,456.9
동남권,2011,875.4
서북권,2011,517.8
서남권,2011,496.5
부산,2011,264.3
대구,2011,209.8
인천,2011,267.3
광주,2011,174.7
대전,2011,237.3
울산,2011,226.7
경기,2011,315.5
강원,2011,152.6
충북,2011,172.9
충남,2011,176.2
전북,2011,166.7
전남,2011,142.3
경북,2011,138.6
경남,2011,226.1
제주,2011,193.6
서울,2011,592.3
도심권,2011,647.3
동북권,2011,460.3
동남권,2011,894.9
서북권,2011,508.0
서남권,2011,501.0
부산,2011,264.4
대구,2011,210.8
인천,2011,268.6
광주,2011,174.4
대전,2011,245.7
울산,2011,229.0
경기,2011,316.4
강원,2011,147.0
충북,2011,177.3
충남,2011,178.2
전북,2011,174.6
전남,2011,141.6
경북,2011,141.2
경남,2011,229.6
제주,2011,191.6
서울,2011,588.1
도심권,2011,676.9
동북권,2011,454.9
동남권,2011,873.8
서북권,2011,505.4
서남권,2011,508.1
부산,2011,265.5
대구,2011,210.6
인천,2011,270.6
광주,2011,177.3
대전,2011,243.0
울산,2011,231.9
경기,2011,316.1
강원,2011,150.3
충북,2011,176.9
충남,2011,182.5
전북,2011,175.6
전남,2011,140.5
경북,2011,143.2
경남,2011,226.9
제주,2011,193.9
서울,2011,609.5
도심권,2011,683.2
동북권,2011,453.0
동남권,2011,897.2
서북권,2011,516.0
서남권,2011,504.6
부산,2011,261.4
대구,2011,214.6
인천,2011,263.8
광주,2011,175.9
대전,2011,244.0
울산,2011,231.7
경기,2011,318.0
강원,2011,147.8
충북,2011,178.7
충남,2011,177.7
전북,2011,167.6
전남,2011,138.3
경북,2011,144.1
경남,2011,216.6
제주,2011,190.1
서울,2012,575.7
도심권,2012,659.9
동북권,2012,447.4
동남권,2012,868.5
서북권,2012,506.4
서남권,2012,497.6
부산,2012,261.5
대구,2012,219.1
인천,2012,271.3
광주,2012,180.9
대전,2012,246.7
울산,2012,239.4
경기,2012,316.6
강원,2012,152.0
충북,2012,185.4
충남,2012,190.0
전북,2012,175.3
전남,2012,145.3
경북,2012,146.5
경남,2012,231.8
제주,2012,201.8
서울,2012,570.6
도심권,2012,635.0
동북권,2012,443.6
동남권,2012,853.5
서북권,2012,494.2
서남권,2012,504.5
부산,2012,265.2
대구,2012,215.3
인천,2012,267.3
광주,2012,180.5
대전,2012,243.9
울산,2012,244.0
경기,2012,310.6
강원,2012,153.8
충북,2012,182.3
충남,2012,188.6
전북,2012,171.4
전남,2012,143.6
경북,2012,144.9
경남,2012,225.1
제주,2012,190.0
서울,2012,564.7
도심권,2012,663.4
동북권,2012,443.2
동남권,2012,854.5
서북권,2012,481.1
서남권,2012,507.5
부산,2012,256.8
대구,2012,213.2
인천,2012,263.7
광주,2012,177.6
대전,2012,238.1
울산,2012,240.3
경기,2012,305.2
강원,2012,148.6
충북,2012,179.0
충남,2012,184.9
전북,2012,165.6
전남,2012,142.9
경북,2012,141.9
경남,2012,226.3
제주,2012,202.9
서울,2012,583.4
도심권,2012,654.1
동북권,2012,438.5
동남권,2012,894.8
서북권,2012,491.3
서남권,2012,484.7
부산,2012,259.8
대구,2012,214.4
인천,2012,261.9
광주,2012,179.1
대전,2012,231.1
울산,2012,242.2
경기,2012,303.7
강원,2012,148.9
충북,2012,179.9
충남,2012,187.2
전북,2012,164.6
전남,2012,140.4
경북,2012,143.2
경남,2012,222.9
제주,2012,189.1
서울,2012,592.9
도심권,2012,675.3
동북권,2012,432.0
동남권,2012,869.5
서북권,2012,519.2
서남권,2012,510.4
부산,2012,255.2
대구,2012,218.4
인천,2012,260.7
광주,2012,181.2
대전,2012,236.4
울산,2012,245.9
경기,2012,308.4
강원,2012,152.0
충북,2012,186.9
충남,2012,186.4
전북,2012,166.8
전남,2012,138.9
경북,2012,142.5
경남,2012,223.9
제주,2012,203.3
서울,2012,557.2
도심권,2012,642.1
동북권,2012,420.7
동남권,2012,852.2
서북권,2012,499.2
서남권,2012,479.3
부산,2012,259.4
대구,2012,220.0
인천,2012,258.4
광주,2012,179.8
대전,2012,230.6
울산,2012,244.2
경기,2012,300.1
강원,2012,152.2
충북,2012,183.7
충남,2012,186.6
전북,2012,166.0
전남,2012,141.4
경북,2012,147.7
경남,2012,212.0
제주,2012,202.5
서울,2012,548.9
도심권,2012,625.0
동북권,2012,418.2
동남권,2012,847.1
서북권,2012,491.8
서남권,2012,478.2
부산,2012,256.4
대구,2012,218.8
인천,2012,254.2
광주,2012,179.3
대전,2012,225.9
울산,2012,246.0
경기,2012,294.3
강원,2012,146.3
충북,2012,181.9
충남,2012,187.7
전북,2012,161.4
전남,2012,142.5
경북,2012,147.8
경남,2012,209.8
제주,2012,192.8
서울,2012,534.8
도심권,2012,620.2
동북권,2012,417.7
동남권,2012,792.4
서북권,2012,473.3
서남권,2012,472.5
부산,2012,256.0
대구,2012,223.2
인천,2012,255.0
광주,2012,181.8
대전,2012,228.1
울산,2012,246.4
경기,2012,292.6
강원,2012,148.4
충북,2012,181.2
충남,2012,188.9
전북,2012,164.2
전남,2012,143.1
경북,2012,149.9
경남,2012,218.3
제주,2012,197.2
서울,2012,563.4
도심권,2012,622.0
동북권,2012,423.0
동남권,2012,839.7
서북권,2012,474.7
서남권,2012,481.2
부산,2012,256.6
대구,2012,227.6
인천,2012,256.7
광주,2012,188.4
대전,2012,235.7
울산,2012,245.2
경기,2012,304.6
강원,2012,152.2
충북,2012,189.4
충남,2012,192.1
전북,2012,168.0
전남,2012,147.2
경북,2012,154.8
경남,2012,222.3
제주,2012,200.0
서울,2012,571.5
도심권,2012,653.3
동북권,2012,426.7
동남권,2012,844.2
서북권,2012,480.0
서남권,2012,491.9
부산,2012,261.3
대구,2012,228.1
인천,2012,257.3
광주,2012,187.0
대전,2012,242.7
울산,2012,252.1
경기,2012,313.0
강원,2012,151.8
충북,2012,189.9
충남,2012,194.4
전북,2012,169.5
전남,2012,146.7
경북,2012,155.3
경남,2012,225.8
제주,2012,209.3
서울,2012,574.1
도심권,2012,648.5
동북권,2012,427.9
동남권,2012,846.0
서북권,2012,486.5
서남권,2012,479.7
부산,2012,259.8
대구,2012,231.3
인천,2012,260.8
광주,2012,188.1
대전,2012,241.8
울산,2012,245.7
경기,2012,309.9
강원,2012,150.9
충북,2012,188.6
충남,2012,196.2
전북,2012,169.8
전남,2012,148.0
경북,2012,156.1
경남,2012,220.5
제주,2012,208.4
서울,2012,575.4
도심권,2012,652.9
동북권,2012,424.7
동남권,2012,840.1
서북권,2012,489.2
서남권,2012,492.0
부산,2012,255.5
대구,2012,231.0
인천,2012,257.9
광주,2012,186.2
대전,2012,242.6
울산,2012,255.0
경기,2012,310.9
강원,2012,150.1
충북,2012,186.8
충남,2012,190.3
전북,2012,164.3
전남,2012,138.5
경북,2012,155.6
경남,2012,219.6
제주,2012,182.9
서울,2013,577.3
도심권,2013,626.0
동북권,2013,422.7
동남권,2013,844.2
서북권,2013,484.7
서남권,2013,494.2
부산,2013,258.8
대구,2013,231.8
인천,2013,258.3
광주,2013,188.0
대전,2013,237.1
울산,2013,247.6
경기,2013,308.4
강원,2013,151.4
충북,2013,197.4
충남,2013,199.3
전북,2013,175.2
전남,2013,150.0
경북,2013,160.0
경남,2013,227.0
제주,2013,194.4
서울,2013,578.4
도심권,2013,652.3
동북권,2013,429.9
동남권,2013,840.8
서북권,2013,503.1
서남권,2013,478.3
부산,2013,256.1
대구,2013,231.2
인천,2013,257.4
광주,2013,189.0
대전,2013,238.1
울산,2013,244.1
경기,2013,310.2
강원,2013,153.6
충북,2013,190.4
충남,2013,195.2
전북,2013,172.0
전남,2013,146.0
경북,2013,159.8
경남,2013,224.1
제주,2013,193.3
서울,2013,563.3
도심권,2013,619.6
동북권,2013,431.2
동남권,2013,829.0
서북권,2013,486.4
서남권,2013,489.4
부산,2013,259.8
대구,2013,231.1
인천,2013,260.1
광주,2013,189.3
대전,2013,237.7
울산,2013,248.7
경기,2013,315.2
강원,2013,154.9
충북,2013,192.4
충남,2013,195.4
전북,2013,171.5
전남,2013,146.6
경북,2013,159.7
경남,2013,228.0
제주,2013,193.5
서울,2013,567.9
도심권,2013,595.9
동북권,2013,430.4
동남권,2013,869.8
서북권,2013,491.2
서남권,2013,488.3
부산,2013,264.1
대구,2013,238.3
인천,2013,259.9
광주,2013,189.0
대전,2013,238.0
울산,2013,254.8
경기,2013,321.7
강원,2013,153.6
충북,2013,193.8
충남,2013,198.6
전북,2013,171.4
전남,2013,149.3
경북,2013,162.8
경남,2013,235.3
제주,2013,198.2
서울,2013,553.7
도심권,2013,617.3
동북권,2013,433.9
동남권,2013,821.8
서북권,2013,504.4
서남권,2013,491.2
부산,2013,262.0
대구,2013,241.2
인천,2013,260.2
광주,2013,189.2
대전,2013,244.0
울산,2013,245.8
경기,2013,314.8
강원,2013,155.4
충북,2013,195.9
충남,2013,199.8
전북,2013,171.1
전남,2013,150.1
경북,2013,166.2
경남,2013,231.1
제주,2013,220.0
서울,2013,546.2
도심권,2013,633.1
동북권,2013,434.2
동남권,2013,813.2
서북권,2013,494.2
서남권,2013,472.9
부산,2013,259.0
대구,2013,242.4
인천,2013,260.1
광주,2013,189.3
대전,2013,242.7
울산,2013,246.3
경기,2013,312.2
강원,2013,152.9
충북,2013,187.2
충남,2013,196.6
전북,2013,170.1
전남,2013,146.0
경북,2013,162.9
경남,2013,224.9
제주,2013,218.0
서울,2013,507.8
도심권,2013,610.3
동북권,2013,425.3
동남권,2013,770.9
서북권,2013,480.7
서남권,2013,464.2
부산,2013,260.5
대구,2013,242.7
인천,2013,264.1
광주,2013,193.7
대전,2013,238.0
울산,2013,247.8
경기,2013,309.3
강원,2013,155.8
충북,2013,197.4
충남,2013,201.4
전북,2013,171.9
전남,2013,144.8
경북,2013,165.4
경남,2013,224.1
제주,2013,213.4
서울,2013,533.8
도심권,2013,634.4
동북권,2013,431.7
동남권,2013,834.8
서북권,2013,488.2
서남권,2013,470.6
부산,2013,264.8
대구,2013,251.5
인천,2013,264.4
광주,2013,195.6
대전,2013,243.0
울산,2013,251.0
경기,2013,323.9
강원,2013,156.7
충북,2013,196.0
충남,2013,205.7
전북,2013,172.0
전남,2013,146.1
경북,2013,169.2
경남,2013,233.9
제주,2013,204.9
서울,2013,534.9
도심권,2013,624.6
동북권,2013,437.5
동남권,2013,800.3
서북권,2013,499.1
서남권,2013,482.6
부산,2013,264.2
대구,2013,257.8
인천,2013,267.1
광주,2013,193.9
대전,2013,248.2
울산,2013,259.3
경기,2013,331.8
강원,2013,161.9
충북,2013,201.8
충남,2013,210.0
전북,2013,175.6
전남,2013,150.7
경북,2013,171.7
경남,2013,242.6
제주,2013,220.2
서울,2013,546.5
도심권,2013,625.7
동북권,2013,447.0
동남권,2013,808.7
서북권,2013,499.8
서남권,2013,489.1
부산,2013,268.7
대구,2013,260.1
인천,2013,269.7
광주,2013,200.0
대전,2013,252.6
울산,2013,258.4
경기,2013,329.6
강원,2013,163.5
충북,2013,201.4
충남,2013,211.0
전북,2013,178.4
전남,2013,151.2
경북,2013,175.2
경남,2013,243.4
제주,2013,224.3
서울,2013,569.3
도심권,2013,663.0
동북권,2013,445.3
동남권,2013,849.8
서북권,2013,496.5
서남권,2013,490.6
부산,2013,270.1
대구,2013,267.3
인천,2013,272.2
광주,2013,200.6
대전,2013,253.5
울산,2013,259.5
경기,2013,329.9
강원,2013,161.2
충북,2013,201.5
충남,2013,219.1
전북,2013,177.5
전남,2013,149.8
경북,2013,176.4
경남,2013,238.6
제주,2013,224.5
서울,2013,603.9
도심권,2013,665.8
동북권,2013,454.7
동남권,2013,886.4
서북권,2013,503.6
서남권,2013,494.6
부산,2013,269.7
대구,2013,265.8
인천,2013,274.8
광주,2013,204.6
대전,2013,256.5
울산,2013,255.6
경기,2013,340.1
강원,2013,161.6
충북,2013,202.0
충남,2013,211.3
전북,2013,174.6
전남,2013,148.5
경북,2013,175.6
경남,2013,243.4
제주,2013,223.5
서울,2014,588.9
도심권,2014,658.9
동북권,2014,459.5
동남권,2014,864.3
서북권,2014,505.1
서남권,2014,501.0
부산,2014,274.1
대구,2014,269.9
인천,2014,274.1
광주,2014,203.0
대전,2014,253.6
울산,2014,258.8
경기,2014,343.7
강원,2014,164.4
충북,2014,205.2
충남,2014,213.4
전북,2014,182.5
전남,2014,148.8
경북,2014,175.5
경남,2014,239.6
제주,2014,223.2
서울,2014,576.6
도심권,2014,653.0
동북권,2014,456.6
동남권,2014,838.9
서북권,2014,519.8
서남권,2014,504.7
부산,2014,271.8
대구,2014,266.3
인천,2014,272.2
광주,2014,205.4
대전,2014,247.7
울산,2014,261.8
경기,2014,338.4
강원,2014,164.6
충북,2014,204.3
충남,2014,213.7
전북,2014,175.4
전남,2014,151.6
경북,2014,177.0
경남,2014,243.8
제주,2014,221.9
서울,2014,548.8
도심권,2014,640.4
동북권,2014,453.2
동남권,2014,806.6
서북권,2014,495.3
서남권,2014,486.8
부산,2014,274.9
대구,2014,269.8
인천,2014,269.8
광주,2014,203.5
대전,2014,248.2
울산,2014,264.3
경기,2014,328.6
강원,2014,156.8
충북,2014,207.2
충남,2014,209.1
전북,2014,172.9
전남,2014,148.3
경북,2014,175.0
경남,2014,246.2
제주,2014,223.9
서울,2014,553.4
도심권,2014,660.9
동북권,2014,454.4
동남권,2014,843.1
서북권,2014,504.3
서남권,2014,489.4
부산,2014,269.8
대구,2014,269.0
인천,2014,268.9
광주,2014,203.6
대전,2014,247.6
울산,2014,263.9
경기,2014,325.8
강원,2014,157.6
충북,2014,202.1
충남,2014,207.4
전북,2014,172.8
전남,2014,149.1
경북,2014,179.3
경남,2014,242.9
제주,2014,219.9
서울,2014,558.3
도심권,2014,620.1
동북권,2014,450.3
동남권,2014,846.0
서북권,2014,510.1
서남권,2014,491.0
부산,2014,270.6
대구,2014,272.3
인천,2014,271.0
광주,2014,204.4
대전,2014,249.3
울산,2014,268.6
경기,2014,327.7
강원,2014,158.1
충북,2014,207.9
충남,2014,210.5
전북,2014,170.0
전남,2014,150.4
경북,2014,179.1
경남,2014,243.4
제주,2014,232.3
서울,2014,567.6
도심권,2014,660.1
동북권,2014,450.4
동남권,2014,863.5
서북권,2014,502.1
서남권,2014,497.5
부산,2014,271.7
대구,2014,279.7
인천,2014,274.8
광주,2014,206.0
대전,2014,247.5
울산,2014,268.2
경기,2014,333.5
강원,2014,158.3
충북,2014,206.1
충남,2014,212.5
전북,2014,173.6
전남,2014,153.6
경북,2014,178.7
경남,2014,247.2
제주,2014,241.0
서울,2014,583.0
도심권,2014,662.6
동북권,2014,452.9
동남권,2014,866.2
서북권,2014,518.1
서남권,2014,498.4
부산,2014,277.3
대구,2014,282.4
인천,2014,279.8
광주,2014,213.4
대전,2014,246.1
울산,2014,268.7
경기,2014,339.7
강원,2014,158.6
충북,2014,208.1
충남,2014,220.2
전북,2014,172.4
전남,2014,149.8
경북,2014,179.7
경남,2014,250.9
제주,2014,235.3
서울,2014,593.3
도심권,2014,673.7
동북권,2014,463.7
동남권,2014,872.3
서북권,2014,531.1
서남권,2014,505.0
부산,2014,280.4
대구,2014,287.6
인천,2014,277.6
광주,2014,216.7
대전,2014,249.7
울산,2014,269.2
경기,2014,345.2
강원,2014,162.4
충북,2014,213.1
충남,2014,214.3
전북,2014,177.2
전남,2014,151.9
경북,2014,186.5
경남,2014,249.5
제주,2014,236.7
서울,2014,583.0
도심권,2014,659.1
동북권,2014,460.0
동남권,2014,869.2
서북권,2014,520.8
서남권,2014,516.6
부산,2014,280.9
대구,2014,288.8
인천,2014,279.0
광주,2014,219.4
대전,2014,250.9
울산,2014,271.9
경기,2014,345.3
강원,2014,159.7
충북,2014,211.8
충남,2014,217.6
전북,2014,174.8
전남,2014,150.6
경북,2014,188.0
경남,2014,255.9
제주,2014,234.5
서울,2014,580.3
도심권,2014,670.9
동북권,2014,467.6
동남권,2014,861.3
서북권,2014,532.7
서남권,2014,502.8
부산,2014,281.3
대구,2014,296.4
인천,2014,281.9
광주,2014,218.6
대전,2014,255.8
울산,2014,272.2
경기,2014,340.8
강원,2014,161.6
충북,2014,219.3
충남,2014,215.5
전북,2014,179.6
전남,2014,154.0
경북,2014,188.1
경남,2014,252.3
제주,2014,253.8
서울,2014,567.6
도심권,2014,653.1
동북권,2014,473.1
동남권,2014,836.1
서북권,2014,528.7
서남권,2014,499.2
부산,2014,282.8
대구,2014,301.9
인천,2014,289.1
광주,2014,225.1
대전,2014,254.7
울산,2014,275.4
경기,2014,344.2
강원,2014,163.2
충북,2014,216.7
충남,2014,213.3
전북,2014,181.5
전남,2014,156.5
경북,2014,188.8
경남,2014,252.7
제주,2014,244.7
서울,2014,589.2
도심권,2014,675.5
동북권,2014,476.2
동남권,2014,864.2
서북권,2014,532.0
서남권,2014,505.2
부산,2014,290.3
대구,2014,305.7
인천,2014,291.2
광주,2014,224.0
대전,2014,255.5
울산,2014,276.6
경기,2014,351.1
강원,2014,159.7
충북,2014,214.4
충남,2014,211.0
전북,2014,185.1
전남,2014,153.5
경북,2014,193.0
경남,2014,246.7
제주,2014,241.0
서울,2015,585.2
도심권,2015,685.1
동북권,2015,470.1
동남권,2015,851.7
서북권,2015,536.8
서남권,2015,502.6
부산,2015,289.1
대구,2015,307.8
인천,2015,290.7
광주,2015,223.1
대전,2015,258.4
울산,2015,277.7
경기,2015,350.7
강원,2015,172.0
충북,2015,210.9
충남,2015,212.6
전북,2015,182.4
전남,2015,158.5
경북,2015,192.3
경남,2015,251.5
제주,2015,250.8
서울,2015,589.2
도심권,2015,685.3
동북권,2015,472.4
동남권,2015,869.2
서북권,2015,539.4
서남권,2015,509.4
부산,2015,288.7
대구,2015,309.6
인천,2015,288.7
광주,2015,227.8
대전,2015,255.7
울산,2015,278.6
경기,2015,353.6
강원,2015,165.7
충북,2015,214.2
충남,2015,218.7
전북,2015,182.0
전남,2015,159.0
경북,2015,194.4
경남,2015,249.3
제주,2015,250.2
서울,2015,590.8
도심권,2015,703.6
동북권,2015,475.6
동남권,2015,895.9
서북권,2015,539.5
서남권,2015,514.2
부산,2015,290.7
대구,2015,314.8
인천,2015,286.5
광주,2015,224.9
대전,2015,245.8
울산,2015,280.0
경기,2015,352.4
강원,2015,172.3
충북,2015,213.3
충남,2015,214.9
전북,2015,178.4
전남,2015,156.5
경북,2015,194.7
경남,2015,246.7
제주,2015,249.7
서울,2015,601.2
도심권,2015,720.4
동북권,2015,475.6
동남권,2015,918.3
서북권,2015,544.4
서남권,2015,522.7
부산,2015,292.8
대구,2015,317.3
인천,2015,288.0
광주,2015,228.0
대전,2015,245.5
울산,2015,279.3
경기,2015,353.2
강원,2015,169.8
충북,2015,206.5
충남,2015,216.0
전북,2015,179.9
전남,2015,156.9
경북,2015,194.9
경남,2015,249.6
제주,2015,271.3
서울,2015,608.9
도심권,2015,718.0
동북권,2015,482.6
동남권,2015,935.6
서북권,2015,553.7
서남권,2015,516.7
부산,2015,295.1
대구,2015,323.5
인천,2015,295.6
광주,2015,229.8
대전,2015,249.5
울산,2015,285.5
경기,2015,354.6
강원,2015,171.3
충북,2015,213.3
충남,2015,219.7
전북,2015,180.1
전남,2015,159.2
경북,2015,193.3
경남,2015,252.1
제주,2015,277.5
서울,2015,599.6
도심권,2015,700.6
동북권,2015,478.3
동남권,2015,929.0
서북권,2015,561.6
서남권,2015,529.3
부산,2015,294.4
대구,2015,330.7
인천,2015,293.4
광주,2015,232.6
대전,2015,247.8
울산,2015,285.3
경기,2015,358.5
강원,2015,168.7
충북,2015,210.9
충남,2015,214.3
전북,2015,179.6
전남,2015,155.6
경북,2015,195.0
경남,2015,253.6
제주,2015,284.1
서울,2015,604.7
도심권,2015,708.7
동북권,2015,487.2
동남권,2015,924.6
서북권,2015,554.3
서남권,2015,531.1
부산,2015,302.9
대구,2015,333.8
인천,2015,300.2
광주,2015,232.9
대전,2015,256.6
울산,2015,290.4
경기,2015,364.6
강원,2015,171.5
충북,2015,205.3
충남,2015,218.3
전북,2015,179.6
전남,2015,157.6
경북,2015,195.2
경남,2015,252.1
제주,2015,307.8
서울,2015,595.2
도심권,2015,728.1
동북권,2015,491.6
동남권,2015,905.5
서북권,2015,554.8
서남권,2015,534.3
부산,2015,302.9
대구,2015,330.1
인천,2015,302.4
광주,2015,237.7
대전,2015,256.6
울산,2015,290.1
경기,2015,358.3
강원,2015,177.0
충북,2015,205.8
충남,2015,213.1
전북,2015,179.0
전남,2015,156.9
경북,2015,195.0
경남,2015,249.4
제주,2015,318.2
서울,2015,616.5
도심권,2015,717.9
동북권,2015,496.8
동남권,2015,951.6
서북권,2015,560.9
서남권,2015,546.3
부산,2015,306.6
대구,2015,341.5
인천,2015,308.6
광주,2015,245.5
대전,2015,253.3
울산,2015,300.1
경기,2015,370.4
강원,2015,179.0
충북,2015,208.8
충남,2015,212.7
전북,2015,182.4
전남,2015,160.9
경북,2015,195.3
경남,2015,254.3
제주,2015,320.7
서울,2015,644.6
도심권,2015,739.1
동북권,2015,508.8
동남권,2015,964.5
서북권,2015,578.0
서남권,2015,560.8
부산,2015,309.8
대구,2015,334.9
인천,2015,317.6
광주,2015,243.8
대전,2015,259.9
울산,2015,301.3
경기,2015,372.1
강원,2015,179.0
충북,2015,209.8
충남,2015,214.1
전북,2015,185.5
전남,2015,165.1
경북,2015,191.3
경남,2015,258.9
제주,2015,357.0
서울,2015,666.8
도심권,2015,760.3
동북권,2015,516.0
동남권,2015,981.1
서북권,2015,574.2
서남권,2015,570.7
부산,2015,314.4
대구,2015,325.4
인천,2015,322.3
광주,2015,246.6
대전,2015,263.5
울산,2015,305.1
경기,2015,372.3
강원,2015,183.5
충북,2015,206.2
충남,2015,215.1
전북,2015,184.4
전남,2015,163.2
경북,2015,189.6
경남,2015,253.3
제주,2015,345.9
서울,2015,627.6
도심권,2015,733.1
동북권,2015,514.2
동남권,2015,917.7
서북권,2015,556.2
서남권,2015,555.8
부산,2015,303.8
대구,2015,312.3
인천,2015,309.6
광주,2015,246.2
대전,2015,266.8
울산,2015,303.3
경기,2015,358.3
강원,2015,181.1
충북,2015,197.1
충남,2015,210.4
전북,2015,185.7
전남,2015,167.1
경북,2015,185.8
경남,2015,244.8
제주,2015,347.2
서울,2016,616.0
도심권,2016,709.8
동북권,2016,502.6
동남권,2016,925.6
서북권,2016,564.9
서남권,2016,549.0
부산,2016,304.5
대구,2016,315.1
인천,2016,307.1
광주,2016,242.9
대전,2016,259.2
울산,2016,305.7
경기,2016,357.3
강원,2016,187.2
충북,2016,201.8
충남,2016,209.8
전북,2016,185.4
전남,2016,167.5
경북,2016,182.5
경남,2016,239.8
제주,2016,354.9
서울,2016,614.0
도심권,2016,702.2
동북권,2016,501.1
동남권,2016,939.6
서북권,2016,545.8
서남권,2016,556.7
부산,2016,306.1
대구,2016,320.4
인천,2016,308.0
광주,2016,250.4
대전,2016,262.0
울산,2016,303.4
경기,2016,362.3
강원,2016,186.7
충북,2016,202.1
충남,2016,207.3
전북,2016,185.0
전남,2016,166.9
경북,2016,179.8
경남,2016,244.4
제주,2016,347.8
서울,2016,639.2
도심권,2016,747.8
동북권,2016,508.5
동남권,2016,1011.8
서북권,2016,561.5
서남권,2016,546.5
부산,2016,308.0
대구,2016,315.1
인천,2016,303.7
광주,2016,243.1
대전,2016,251.5
울산,2016,305.0
경기,2016,364.2
강원,2016,188.9
충북,2016,202.1
충남,2016,204.3
전북,2016,182.4
전남,2016,162.3
경북,2016,180.7
경남,2016,240.2
제주,2016,350.0
서울,2016,682.4
도심권,2016,737.5
동북권,2016,520.5
동남권,2016,1039.7
서북권,2016,578.8
서남권,2016,572.8
부산,2016,314.2
대구,2016,309.5
인천,2016,311.4
광주,2016,240.4
대전,2016,256.2
울산,2016,309.1
경기,2016,376.4
강원,2016,191.5
충북,2016,205.3
충남,2016,202.8
전북,2016,182.4
전남,2016,163.9
경북,2016,180.7
경남,2016,242.5
제주,2016,357.0
서울,2016,689.8
도심권,2016,770.8
동북권,2016,521.7
동남권,2016,1034.4
서북권,2016,584.9
서남권,2016,589.7
부산,2016,322.7
대구,2016,305.0
인천,2016,312.1
광주,2016,241.2
대전,2016,260.9
울산,2016,298.7
경기,2016,381.7
강원,2016,187.7
충북,2016,202.0
충남,2016,200.6
전북,2016,182.0
전남,2016,162.5
경북,2016,177.8
경남,2016,239.9
제주,2016,351.4
서울,2016,677.1
도심권,2016,764.7
동북권,2016,528.1
동남권,2016,1002.8
서북권,2016,600.7
서남권,2016,609.3
부산,2016,332.3
대구,2016,311.1
인천,2016,319.7
광주,2016,244.0
대전,2016,264.6
울산,2016,306.8
경기,2016,394.0
강원,2016,193.6
충북,2016,201.0
충남,2016,205.4
전북,2016,189.1
전남,2016,164.4
경북,2016,181.1
경남,2016,242.6
제주,2016,348.6
서울,2016,657.6
도심권,2016,778.0
동북권,2016,534.7
동남권,2016,963.9
서북권,2016,613.0
서남권,2016,589.3
부산,2016,339.1
대구,2016,315.0
인천,2016,325.9
광주,2016,249.0
대전,2016,262.4
울산,2016,310.0
경기,2016,393.8
강원,2016,198.7
충북,2016,204.7
충남,2016,204.2
전북,2016,184.8
전남,2016,171.4
경북,2016,186.4
경남,2016,249.0
제주,2016,377.5
서울,2016,687.3
도심권,2016,791.7
동북권,2016,541.6
동남권,2016,1002.6
서북권,2016,633.4
서남권,2016,603.5
부산,2016,346.7
대구,2016,327.5
인천,2016,325.3
광주,2016,249.4
대전,2016,267.3
울산,2016,310.3
경기,2016,395.8
강원,2016,197.3
충북,2016,206.4
충남,2016,207.2
전북,2016,191.6
전남,2016,172.2
경북,2016,186.4
경남,2016,250.4
제주,2016,394.6
서울,2016,692.4
도심권,2016,785.1
동북권,2016,548.5
동남권,2016,1001.7
서북권,2016,639.4
서남권,2016,607.2
부산,2016,351.0
대구,2016,339.8
인천,2016,328.3
광주,2016,253.1
대전,2016,271.9
울산,2016,322.8
경기,2016,404.3
강원,2016,201.0
충북,2016,204.1
충남,2016,208.0
전북,2016,190.8
전남,2016,172.0
경북,2016,188.6
경남,2016,256.8
제주,2016,374.2
서울,2016,688.5
도심권,2016,788.7
동북권,2016,558.2
동남권,2016,989.2
서북권,2016,654.6
서남권,2016,610.4
부산,2016,353.6
대구,2016,336.3
인천,2016,338.1
광주,2016,259.8
대전,2016,274.8
울산,2016,330.3
경기,2016,406.3
강원,2016,199.9
충북,2016,214.6
충남,2016,207.9
전북,2016,196.4
전남,2016,177.3
경북,2016,195.2
경남,2016,260.1
제주,2016,390.1
서울,2016,649.1
도심권,2016,787.8
동북권,2016,551.9
동남권,2016,915.0
서북권,2016,647.4
서남권,2016,596.0
부산,2016,342.9
대구,2016,333.1
인천,2016,340.0
광주,2016,256.2
대전,2016,277.6
울산,2016,323.1
경기,2016,392.0
강원,2016,199.1
충북,2016,204.6
충남,2016,211.3
전북,2016,194.9
전남,2016,177.5
경북,2016,193.3
경남,2016,257.2
제주,2016,373.2
서울,2016,666.6
도심권,2016,783.4
동북권,2016,546.5
동남권,2016,981.8
서북권,2016,632.6
서남권,2016,584.1
부산,2016,344.5
대구,2016,327.0
인천,2016,340.0
광주,2016,260.5
대전,2016,272.7
울산,2016,317.1
경기,2016,385.5
강원,2016,197.1
충북,2016,207.7
충남,2016,208.6
전북,2016,193.8
전남,2016,176.5
경북,2016,189.7
경남,2016,251.1
제주,2016,396.0
서울,2017,694.4
도심권,2017,753.7
동북권,2017,543.6
동남권,2017,1065.7
서북권,2017,655.1
서남권,2017,600.2
부산,2017,341.3
대구,2017,314.4
인천,2017,328.7
광주,2017,260.4
대전,2017,279.6
울산,2017,311.9
경기,2017,391.6
강원,2017,207.0
충북,2017,216.5
충남,2017,220.7
전북,2017,202.4
전남,2017,176.0
경북,2017,190.8
경남,2017,251.0
제주,2017,384.2
서울,2017,710.1
도심권,2017,805.1
동북권,2017,549.2
동남권,2017,1073.5
서북권,2017,643.6
서남권,2017,606.4
부산,2017,345.0
대구,2017,317.1
인천,2017,327.7
광주,2017,253.8
대전,2017,269.2
울산,2017,316.3
경기,2017,392.3
강원,2017,205.1
충북,2017,205.4
충남,2017,211.5
전북,2017,201.0
전남,2017,180.2
경북,2017,191.1
경남,2017,247.0
제주,2017,394.2
서울,2017,716.1
도심권,2017,826.5
동북권,2017,558.2
동남권,2017,1050.4
서북권,2017,656.6
서남권,2017,620.9
부산,2017,343.1
대구,2017,323.1
인천,2017,326.8
광주,2017,255.3
대전,2017,265.5
울산,2017,313.0
경기,2017,393.1
강원,2017,203.8
충북,2017,206.2
충남,2017,204.8
전북,2017,191.3
전남,2017,182.3
경북,2017,187.8
경남,2017,246.1
제주,2017,376.4
서울,2017,752.1
도심권,2017,843.4
동북권,2017,576.1
동남권,2017,1077.3
서북권,2017,685.8
서남권,2017,633.1
부산,2017,354.5
대구,2017,320.6
인천,2017,329.0
광주,2017,257.8
대전,2017,265.7
울산,2017,303.5
경기,2017,408.7
강원,2017,199.5
충북,2017,204.8
충남,2017,205.0
전북,2017,189.9
전남,2017,181.1
경북,2017,184.6
경남,2017,244.1
제주,2017,367.2
서울,2017,786.9
도심권,2017,875.7
동북권,2017,590.4
동남권,2017,1094.9
서북권,2017,714.3
서남권,2017,662.6
부산,2017,357.2
대구,2017,334.7
인천,2017,329.7
광주,2017,258.9
대전,2017,269.5
울산,2017,305.4
경기,2017,429.8
강원,2017,202.4
충북,2017,206.6
충남,2017,205.5
전북,2017,190.8
전남,2017,185.0
경북,2017,184.2
경남,2017,245.8
제주,2017,405.2
서울,2017,723.7
도심권,2017,842.2
동북권,2017,586.9
동남권,2017,1076.3
서북권,2017,696.5
서남권,2017,645.9
부산,2017,363.6
대구,2017,353.9
인천,2017,341.0
광주,2017,264.0
대전,2017,275.3
울산,2017,313.4
경기,2017,426.9
강원,2017,205.9
충북,2017,209.7
충남,2017,209.8
전북,2017,190.5
전남,2017,186.6
경북,2017,188.5
경남,2017,247.5
제주,2017,400.2
서울,2017,767.2
도심권,2017,848.9
동북권,2017,594.1
동남권,2017,1140.1
서북권,2017,712.1
서남권,2017,673.6
부산,2017,356.0
대구,2017,372.4
인천,2017,346.7
광주,2017,265.0
대전,2017,278.5
울산,2017,314.5
경기,2017,442.5
강원,2017,205.1
충북,2017,208.3
충남,2017,210.8
전북,2017,189.9
전남,2017,189.1
경북,2017,196.8
경남,2017,246.5
제주,2017,393.6
서울,2017,704.2
도심권,2017,807.6
동북권,2017,577.6
동남권,2017,1069.8
서북권,2017,682.7
서남권,2017,631.1
부산,2017,353.2
대구,2017,354.1
인천,2017,353.3
광주,2017,266.0
대전,2017,281.3
울산,2017,320.4
경기,2017,412.7
강원,2017,203.9
충북,2017,211.0
충남,2017,211.0
전북,2017,193.6
전남,2017,185.1
경북,2017,200.4
경남,2017,250.8
제주,2017,361.5
서울,2017,796.6
도심권,2017,888.8
동북권,2017,608.5
동남권,2017,1186.5
서북권,2017,732.1
서남권,2017,674.2
부산,2017,351.7
대구,2017,344.8
인천,2017,352.6
광주,2017,271.5
대전,2017,287.6
울산,2017,319.6
경기,2017,424.3
강원,2017,209.8
충북,2017,209.5
충남,2017,216.8
전북,2017,199.5
전남,2017,187.5
경북,2017,195.8
경남,2017,249.9
제주,2017,389.8
서울,2017,806.8
도심권,2017,882.7
동북권,2017,617.5
동남권,2017,1169.7
서북권,2017,748.0
서남권,2017,699.6
부산,2017,347.8
대구,2017,339.9
인천,2017,347.6
광주,2017,270.4
대전,2017,286.5
울산,2017,317.1
경기,2017,426.8
강원,2017,205.1
충북,2017,204.0
충남,2017,216.5
전북,2017,200.9
전남,2017,193.3
경북,2017,191.8
경남,2017,249.7
제주,2017,387.8
서울,2017,865.6
도심권,2017,898.7
동북권,2017,642.1
동남권,2017,1249.4
서북권,2017,763.6
서남권,2017,751.1
부산,2017,355.0
대구,2017,349.5
인천,2017,347.5
광주,2017,278.3
대전,2017,284.5
울산,2017,315.5
경기,2017,434.3
강원,2017,201.3
충북,2017,209.3
충남,2017,215.1
전북,2017,199.2
전남,2017,189.8
경북,2017,192.4
경남,2017,247.0
제주,2017,393.9
서울,2017,865.7
도심권,2017,976.0
동북권,2017,662.7
동남권,2017,1221.1
서북권,2017,769.0
서남권,2017,735.6
부산,2017,366.8
대구,2017,355.9
인천,2017,340.6
광주,2017,280.3
대전,2017,297.5
울산,2017,315.5
경기,2017,466.4
강원,2017,207.7
충북,2017,211.4
충남,2017,215.3
전북,2017,204.2
전남,2017,192.6
경북,2017,194.6
경남,2017,245.0
제주,2017,403.0
서울,2018,849.6
도심권,2018,941.0
동북권,2018,655.9
동남권,2018,1225.7
서북권,2018,791.2
서남권,2018,728.6
부산,2018,369.8
대구,2018,365.5
인천,2018,346.0
광주,2018,277.8
대전,2018,291.6
울산,2018,312.8
경기,2018,489.6
강원,2018,206.8
충북,2018,208.6
충남,2018,213.5
전북,2018,200.4
전남,2018,193.9
경북,2018,188.1
경남,2018,244.6
제주,2018,374.6
서울,2018,766.1
도심권,2018,897.3
동북권,2018,631.9
동남권,2018,1167.8
서북권,2018,749.2
서남권,2018,702.1
부산,2018,364.6
대구,2018,379.3
인천,2018,347.1
광주,2018,281.1
대전,2018,286.2
울산,2018,305.1
경기,2018,461.6
강원,2018,205.2
충북,2018,209.8
충남,2018,216.9
전북,2018,198.2
전남,2018,192.4
경북,2018,191.2
경남,2018,244.9
제주,2018,393.2
서울,2018,742.3
도심권,2018,952.2
동북권,2018,609.8
동남권,2018,1219.6
서북권,2018,712.2
서남권,2018,674.1
부산,2018,358.0
대구,2018,364.0
인천,2018,348.4
광주,2018,275.6
대전,2018,288.3
울산,2018,304.6
경기,2018,431.3
강원,2018,203.0
충북,2018,203.0
충남,2018,209.5
전북,2018,196.9
전남,2018,191.6
경북,2018,189.4
경남,2018,241.5
제주,2018,383.5
서울,2018,743.8
도심권,2018,974.6
동북권,2018,611.6
동남권,2018,1204.4
서북권,2018,715.9
서남권,2018,676.0
부산,2018,338.2
대구,2018,352.6
인천,2018,337.1
광주,2018,276.0
대전,2018,283.1
울산,2018,295.7
경기,2018,411.1
강원,2018,200.3
충북,2018,200.1
충남,2018,206.3
전북,2018,192.0
전남,2018,180.7
경북,2018,181.9
경남,2018,236.1
제주,2018,355.7
서울,2018,748.8
도심권,2018,929.6
동북권,2018,606.8
동남권,2018,1231.9
서북권,2018,726.2
서남권,2018,691.7
부산,2018,341.6
대구,2018,350.2
인천,2018,341.4
광주,2018,279.6
대전,2018,279.6
울산,2018,287.5
경기,2018,413.5
강원,2018,199.4
충북,2018,197.3
충남,2018,207.5
전북,2018,189.5
전남,2018,189.9
경북,2018,180.1
경남,2018,237.9
제주,2018,374.5
서울,2018,757.7
도심권,2018,960.2
동북권,2018,619.7
동남권,2018,1218.8
서북권,2018,730.6
서남권,2018,716.2
부산,2018,341.2
대구,2018,354.4
인천,2018,344.6
광주,2018,282.8
대전,2018,285.2
울산,2018,291.3
경기,2018,423.0
강원,2018,197.9
충북,2018,197.4
충남,2018,206.8
전북,2018,198.9
전남,2018,189.5
경북,2018,188.3
경남,2018,229.4
제주,2018,385.9
서울,2018,863.1
도심권,2018,1058.0
동북권,2018,656.8
동남권,2018,1410.9
서북권,2018,794.6
서남권,2018,773.5
부산,2018,339.5
대구,2018,349.7
인천,2018,345.0
광주,2018,283.3
대전,2018,289.8
울산,2018,295.2
경기,2018,446.7
강원,2018,196.6
충북,2018,197.1
충남,2018,208.4
전북,2018,185.9
전남,2018,190.1
경북,2018,182.0
경남,2018,228.6
제주,2018,392.1
서울,2018,881.5
도심권,2018,1068.9
동북권,2018,680.8
동남권,2018,1401.7
서북권,2018,838.0
서남권,2018,781.1
부산,2018,344.6
대구,2018,370.0
인천,2018,355.6
광주,2018,295.6
대전,2018,321.2
울산,2018,284.3
경기,2018,515.1
강원,2018,197.4
충북,2018,196.3
충남,2018,210.0
전북,2018,196.1
전남,2018,197.3
경북,2018,185.8
경남,2018,234.9
제주,2018,424.1
서울,2018,867.1
도심권,2018,1036.1
동북권,2018,703.9
동남권,2018,1354.8
서북권,2018,814.6
서남권,2018,740.3
부산,2018,371.3
대구,2018,386.8
인천,2018,372.2
광주,2018,292.7
대전,2018,324.7
울산,2018,294.2
경기,2018,455.6
강원,2018,202.5
충북,2018,204.1
충남,2018,218.1
전북,2018,201.2
전남,2018,205.7
경북,2018,188.9
경남,2018,247.6
제주,2018,422.2
서울,2018,821.3
도심권,2018,947.4
동북권,2018,700.2
동남권,2018,1253.7
서북권,2018,785.5
서남권,2018,733.3
부산,2018,354.5
대구,2018,365.3
인천,2018,362.7
광주,2018,276.9
대전,2018,317.9
울산,2018,297.0
경기,2018,412.7
강원,2018,198.4
충북,2018,204.3
충남,2018,228.0
전북,2018,197.1
전남,2018,199.9
경북,2018,180.8
경남,2018,245.6
제주,2018,384.3
서울,2018,829.3
도심권,2018,1033.4
동북권,2018,688.2
동남권,2018,1282.6
서북권,2018,755.0
서남권,2018,732.1
부산,2018,350.2
대구,2018,346.4
인천,2018,354.5
광주,2018,277.4
대전,2018,306.2
울산,2018,285.6
경기,2018,400.2
강원,2018,194.4
충북,2018,199.3
충남,2018,234.0
전북,2018,199.4
전남,2018,203.0
경북,2018,179.9
경남,2018,236.5
제주,2018,391.3
서울,2018,812.4
도심권,2018,972.9
동북권,2018,689.3
동남권,2018,1273.4
서북권,2018,745.8
서남권,2018,718.7
부산,2018,343.0
대구,2018,347.7
인천,2018,348.9
광주,2018,278.3
대전,2018,294.3
울산,2018,289.8
경기,2018,395.6
강원,2018,194.5
충북,2018,192.5
충남,2018,218.2
전북,2018,200.6
전남,2018,197.3
경북,2018,180.7
경남,2018,235.8
제주,2018,371.6
서울,2019,815.7
도심권,2019,985.6
동북권,2019,675.2
동남권,2019,1287.2
서북권,2019,746.0
서남권,2019,744.8
부산,2019,348.1
대구,2019,332.1
인천,2019,346.5
광주,2019,276.0
대전,2019,291.7
울산,2019,286.0
경기,2019,381.6
강원,2019,191.2
충북,2019,197.0
충남,2019,217.8
전북,2019,194.8
전남,2019,204.1
경북,2019,177.0
경남,2019,234.3
제주,2019,356.8
서울,2019,843.8
도심권,2019,1122.7
동북권,2019,695.5
동남권,2019,1316.3
서북권,2019,802.7
서남권,2019,734.2
부산,2019,344.1
대구,2019,317.9
인천,2019,339.5
광주,2019,267.3
대전,2019,282.8
울산,2019,278.7
경기,2019,376.4
강원,2019,190.3
충북,2019,197.6
충남,2019,217.0
전북,2019,190.7
전남,2019,203.1
경북,2019,169.3
경남,2019,234.7
제주,2019,368.3
서울,2019,889.1
도심권,2019,1004.1
동북권,2019,676.6
동남권,2019,1470.2
서북권,2019,805.5
서남권,2019,739.3
부산,2019,347.7
대구,2019,328.1
인천,2019,340.5
광주,2019,271.5
대전,2019,286.8
울산,2019,283.0
경기,2019,378.3
강원,2019,189.5
충북,2019,191.1
충남,2019,220.2
전북,2019,187.0
전남,2019,194.1
경북,2019,178.2
경남,2019,235.0
제주,2019,346.2
서울,2019,983.8
도심권,2019,1136.9
동북권,2019,722.1
동남권,2019,1510.1
서북권,2019,817.3
서남권,2019,816.7
부산,2019,345.0
대구,2019,331.1
인천,2019,342.4
광주,2019,270.8
대전,2019,297.2
울산,2019,284.8
경기,2019,394.8
강원,2019,192.5
충북,2019,192.8
충남,2019,211.8
전북,2019,188.6
전남,2019,198.4
경북,2019,171.7
경남,2019,230.3
제주,2019,368.4
서울,2019,1066.8
도심권,2019,1124.4
동북권,2019,744.7
동남권,2019,1605.4
서북권,2019,907.0
서남권,2019,875.8
부산,2019,353.3
대구,2019,336.8
인천,2019,341.4
광주,2019,270.8
대전,2019,301.9
울산,2019,291.0
경기,2019,428.8
강원,2019,191.0
충북,2019,192.3
충남,2019,219.9
전북,2019,189.8
전남,2019,201.3
경북,2019,175.9
경남,2019,239.9
제주,2019,386.1
서울,2019,1100.2
도심권,2019,1209.6
동북권,2019,784.8
동남권,2019,1603.0
서북권,2019,963.4
서남권,2019,935.9
부산,2019,360.8
대구,2019,359.0
인천,2019,348.8
광주,2019,287.7
대전,2019,313.1
울산,2019,307.3
경기,2019,473.7
강원,2019,193.6
충북,2019,194.5
충남,2019,225.4
전북,2019,191.8
전남,2019,194.8
경북,2019,180.1
경남,2019,239.8
제주,2019,408.4
서울,2019,1072.5
도심권,2019,1269.8
동북권,2019,811.7
동남권,2019,1567.2
서북권,2019,994.5
서남권,2019,904.2
부산,2019,361.4
대구,2019,354.2
인천,2019,353.3
광주,2019,286.8
대전,2019,322.7
울산,2019,307.5
경기,2019,493.2
강원,2019,189.4
충북,2019,194.8
충남,2019,230.3
전북,2019,197.7
전남,2019,200.0
경북,2019,188.3
경남,2019,247.3
제주,2019,408.0
서울,2019,1022.9
도심권,2019,1207.9
동북권,2019,818.8
동남권,2019,1560.6
서북권,2019,989.5
서남권,2019,879.1
부산,2019,368.7
대구,2019,363.3
인천,2019,361.2
광주,2019,296.0
대전,2019,328.2
울산,2019,318.3
경기,2019,470.1
강원,2019,192.0
충북,2019,202.5
충남,2019,237.2
전북,2019,196.5
전남,2019,199.6
경북,2019,188.7
경남,2019,249.5
제주,2019,381.6
서울,2019,1072.2
도심권,2019,1271.8
동북권,2019,796.9
동남권,2019,1607.9
서북권,2019,986.5
서남권,2019,887.0
부산,2019,376.3
대구,2019,371.2
인천,2019,371.5
광주,2019,297.3
대전,2019,332.8
울산,2019,323.2
경기,2019,478.0
강원,2019,192.6
충북,2019,208.1
충남,2019,246.1
전북,2019,198.6
전남,2019,198.3
경북,2019,194.9
경남,2019,247.0
제주,2019,379.9
서울,2019,1064.0
도심권,2019,1229.5
동북권,2019,826.4
동남권,2019,1552.2
서북권,2019,1009.1
서남권,2019,926.3
부산,2019,403.3
대구,2019,377.4
인천,2019,384.3
광주,2019,295.9
대전,2019,339.0
울산,2019,338.6
경기,2019,506.4
강원,2019,196.8
충북,2019,226.1
충남,2019,247.4
전북,2019,197.4
전남,2019,205.1
경북,2019,199.6
경남,2019,277.1
제주,2019,371.5
서울,2019,1058.8
도심권,2019,1247.7
동북권,2019,843.2
동남권,2019,1544.1
서북권,2019,1048.4
서남권,2019,943.0
부산,2019,454.6
대구,2019,402.7
인천,2019,402.0
광주,2019,308.0
대전,2019,349.6
울산,2019,331.2
경기,2019,523.5
강원,2019,200.3
충북,2019,244.5
충남,2019,280.8
전북,2019,217.6
전남,2019,208.3
경북,2019,204.8
경남,2019,287.6
제주,2019,413.9
서울,2019,1011.5
도심권,2019,1231.9
동북권,2019,821.9
동남권,2019,1533.2
서북권,2019,1018.7
서남권,2019,909.5
부산,2019,411.8
대구,2019,396.3
인천,2019,396.4
광주,2019,310.2
대전,2019,349.1
울산,2019,329.3
경기,2019,500.3
강원,2019,206.1
충북,2019,233.6
충남,2019,268.5
전북,2019,230.7
전남,2019,212.2
경북,2019,202.0
경남,2019,267.4
제주,2019,379.6
서울,2020,903.2
도심권,2020,1188.2
동북권,2020,787.4
동남권,2020,1293.9
서북권,2020,931.4
서남권,2020,864.7
부산,2020,400.3
대구,2020,384.0
인천,2020,406.5
광주,2020,317.0
대전,2020,341.4
울산,2020,330.5
경기,2020,476.5
강원,2020,204.3
충북,2020,221.5
충남,2020,248.0
전북,2020,220.0
전남,2020,216.6
경북,2020,204.7
경남,2020,270.0
제주,2020,382.5
서울,2020,934.7
도심권,2020,1155.1
동북권,2020,800.4
동남권,2020,1463.8
서북권,2020,910.5
서남권,2020,878.4
부산,2020,398.8
대구,2020,376.0
인천,2020,408.9
광주,2020,303.7
대전,2020,342.2
울산,2020,329.7
경기,2020,467.7
강원,2020,202.5
충북,2020,218.9
충남,2020,233.5
전북,2020,221.5
전남,2020,217.2
경북,2020,203.5
경남,2020,261.2
제주,2020,392.2
서울,2020,911.9
도심권,2020,1111.3
동북권,2020,791.3
동남권,2020,1466.1
서북권,2020,901.0
서남권,2020,845.8
부산,2020,380.7
대구,2020,350.7
인천,2020,376.8
광주,2020,295.5
대전,2020,335.0
울산,2020,320.8
경기,2020,427.5
강원,2020,200.3
충북,2020,210.1
충남,2020,223.4
전북,2020,202.1
전남,2020,212.2
경북,2020,185.1
경남,2020,245.7
제주,2020,370.5
서울,2020,949.4
도심권,2020,1131.6
동북권,2020,779.3
동남권,2020,1619.3
서북권,2020,835.7
서남권,2020,841.5
부산,2020,379.1
대구,2020,349.5
인천,2020,366.2
광주,2020,289.7
대전,2020,315.8
울산,2020,306.7
경기,2020,415.6
강원,2020,200.8
충북,2020,218.1
충남,2020,222.3
전북,2020,196.0
전남,2020,208.8
경북,2020,186.0
경남,2020,242.8
제주,2020,365.1
서울,2020,1051.0
도심권,2020,1339.8
동북권,2020,815.1
동남권,2020,1667.2
서북권,2020,944.8
서남권,2020,908.1
부산,2020,398.7
대구,2020,368.6
인천,2020,379.0
광주,2020,296.9
대전,2020,357.1
울산,2020,333.9
경기,2020,453.9
강원,2020,206.2
충북,2020,255.0
충남,2020,235.7
전북,2020,210.7
전남,2020,220.8
경북,2020,208.0
경남,2020,262.6
제주,2020,390.1
서울,2020,1118.3
도심권,2020,1318.2
동북권,2020,897.7
동남권,2020,1678.0
서북권,2020,1066.8
서남권,2020,995.8
부산,2020,474.0
대구,2020,404.2
인천,2020,402.8
광주,2020,319.3
대전,2020,406.3
울산,2020,379.7
경기,2020,526.8
강원,2020,225.4
충북,2020,234.0
충남,2020,282.2
전북,2020,232.8
전남,2020,228.0
경북,2020,224.3
경남,2020,319.0
제주,2020,410.7
서울,2020,1122.8
도심권,2020,1333.7
동북권,2020,954.7
동남권,2020,1592.0
서북권,2020,1072.6
서남권,2020,1039.2
부산,2020,442.4
대구,2020,422.8
인천,2020,382.2
광주,2020,321.6
대전,2020,373.4
울산,2020,362.1
경기,2020,541.1
강원,2020,216.5
충북,2020,205.8
충남,2020,264.5
전북,2020,215.4
전남,2020,226.0
경북,2020,207.0
경남,2020,292.1
제주,2020,413.8
서울,2020,1211.1
도심권,2020,1460.7
동북권,2020,1032.9
동남권,2020,1679.0
서북권,2020,1140.4
서남권,2020,1068.9
부산,2020,439.6
대구,2020,418.4
인천,2020,389.6
광주,2020,327.3
대전,2020,394.1
울산,2020,335.6
경기,2020,518.5
강원,2020,213.7
충북,2020,210.4
충남,2020,248.7
전북,2020,207.5
전남,2020,222.3
경북,2020,199.8
경남,2020,266.0
제주,2020,390.1
서울,2020,1215.4
도심권,2020,1416.9
동북권,2020,1038.6
동남권,2020,1731.9
서북권,2020,1138.5
서남권,2020,1048.0
부산,2020,453.8
대구,2020,430.2
인천,2020,393.3
광주,2020,335.5
대전,2020,389.6
울산,2020,349.2
경기,2020,512.2
강원,2020,213.8
충북,2020,216.4
충남,2020,267.4
전북,2020,212.7
전남,2020,221.0
경북,2020,205.7
경남,2020,286.6
제주,2020,395.5
서울,2020,1203.9
도심권,2020,1439.5
동북권,2020,1001.0
동남권,2020,1767.6
서북권,2020,1133.4
서남권,2020,1055.7
부산,2020,469.8
대구,2020,441.8
인천,2020,391.1
광주,2020,373.1
대전,2020,410.6
울산,2020,386.6
경기,2020,516.5
강원,2020,218.0
충북,2020,228.7
충남,2020,258.5
전북,2020,229.1
전남,2020,216.0
경북,2020,212.8
경남,2020,313.2
제주,2020,422.2
서울,2020,1293.1
도심권,2020,1439.0
동북권,2020,1070.5
동남권,2020,1882.7
서북권,2020,1232.4
서남권,2020,1119.7
부산,2020,409.8
대구,2020,437.6
인천,2020,425.5
광주,2020,382.4
대전,2020,434.3
울산,2020,381.0
경기,2020,570.5
강원,2020,221.4
충북,2020,264.4
충남,2020,293.8
전북,2020,240.1
전남,2020,225.4
경북,2020,254.3
경남,2020,314.8
제주,2020,425.1
서울,2020,1352.6
도심권,2020,1493.6
동북권,2020,1109.1
동남권,2020,1957.5
서북권,2020,1260.9
서남권,2020,1200.6
부산,2020,350.6
대구,2020,389.6
인천,2020,465.9
광주,2020,345.1
대전,2020,422.4
울산,2020,330.9
경기,2020,581.5
강원,2020,239.6
충북,2020,250.3
충남,2020,293.1
전북,2020,224.5
전남,2020,231.8
경북,2020,228.3
경남,2020,275.6
제주,2020,404.4
서울,2021,1333.6
도심권,2021,1471.3
동북권,2021,1122.1
동남권,2021,1961.0
서북권,2021,1312.7
서남권,2021,1194.4
부산,2021,378.2
대구,2021,363.7
인천,2021,446.9
광주,2021,306.6
대전,2021,418.5
울산,2021,313.2
경기,2021,566.1
강원,2021,239.5
충북,2021,248.1
충남,2021,246.5
전북,2021,199.3
전남,2021,214.8
경북,2021,213.0
경남,2021,258.3
제주,2021,393.7
서울,2021,1310.0
도심권,2021,1527.9
동북권,2021,1085.0
동남권,2021,1970.9
서북권,2021,1204.9
서남권,2021,1166.1
부산,2021,390.4
대구,2021,380.0
인천,2021,437.8
광주,2021,321.6
대전,2021,415.3
울산,2021,307.6
경기,2021,548.9
강원,2021,229.8
충북,2021,246.7
충남,2021,239.8
전북,2021,200.6
전남,2021,213.3
경북,2021,215.3
경남,2021,255.2
제주,2021,415.3
서울,2021,1281.0
도심권,2021,1502.4
동북권,2021,1114.4
동남권,2021,1841.7
서북권,2021,1184.8
서남권,2021,1143.3
부산,2021,388.3
대구,2021,382.7
인천,2021,431.7
광주,2021,312.3
대전,2021,395.7
울산,2021,304.2
경기,2021,530.5
강원,2021,225.4
충북,2021,233.6
충남,2021,240.6
전북,2021,202.2
전남,2021,210.1
경북,2021,210.8
경남,2021,262.5
제주,2021,408.4
서울,2021,1370.9
도심권,2021,1497.5
동북권,2021,1132.3
동남권,2021,2006.3
서북권,2021,1183.2
서남권,2021,1246.7
부산,2021,414.2
대구,2021,399.1
인천,2021,431.3
광주,2021,318.0
대전,2021,402.1
울산,2021,323.8
경기,2021,544.3
강원,2021,225.6
충북,2021,230.4
충남,2021,241.0
전북,2021,213.4
전남,2021,213.1
경북,2021,211.7
경남,2021,270.2
제주,2021,446.9
서울,2021,1338.7
도심권,2021,1621.2
동북권,2021,1160.9
동남권,2021,1962.2
서북권,2021,1243.7
서남권,2021,1154.2
부산,2021,439.3
대구,2021,399.7
인천,2021,447.0
광주,2021,336.9
대전,2021,417.0
울산,2021,350.6
경기,2021,596.2
강원,2021,236.7
충북,2021,243.1
충남,2021,248.3
전북,2021,223.0
전남,2021,223.5
경북,2021,223.1
경남,2021,293.8
제주,2021,452.8
서울,2021,1362.3
도심권,2021,1574.8
동북권,2021,1163.0
동남권,2021,2059.5
서북권,2021,1270.0
서남권,2021,1230.0
부산,2021,431.7
대구,2021,382.0
인천,2021,481.4
광주,2021,348.9
대전,2021,426.7
울산,2021,347.0
경기,2021,630.2
강원,2021,236.6
충북,2021,239.2
충남,2021,258.7
전북,2021,224.7
전남,2021,227.5
경북,2021,228.5
경남,2021,293.7
제주,2021,414.7
서울,2021,1404.3
도심권,2021,1625.5
동북권,2021,1176.7
동남권,2021,2180.5
서북권,2021,1325.6
서남권,2021,1238.1
부산,2021,450.7
대구,2021,397.4
인천,2021,545.1
광주,2021,358.6
대전,2021,450.4
울산,2021,359.8
경기,2021,676.9
강원,2021,245.9
충북,2021,255.6
충남,2021,262.8
전북,2021,232.6
전남,2021,237.3
경북,2021,239.6
경남,2021,303.7
제주,2021,414.3
서울,2021,1430.0
도심권,2021,1607.0
동북권,2021,1247.1
동남권,2021,2108.6
서북권,2021,1374.6
서남권,2021,1258.4
부산,2021,457.7
대구,2021,399.6
인천,2021,560.7
광주,2021,390.2
대전,2021,449.0
울산,2021,365.8
경기,2021,681.0
강원,2021,253.5
충북,2021,270.3
충남,2021,268.8
전북,2021,251.3
전남,2021,236.0
경북,2021,247.0
경남,2021,329.0
제주,2021,491.4
서울,2021,1492.5
도심권,2021,1643.0
동북권,2021,1288.6
동남권,2021,2193.5
서북권,2021,1442.1
서남권,2021,1251.3
부산,2021,448.1
대구,2021,406.2
인천,2021,545.1
광주,2021,402.1
대전,2021,454.5
울산,2021,363.2
경기,2021,680.7
강원,2021,250.9
충북,2021,283.1
충남,2021,278.5
전북,2021,254.1
전남,2021,246.2
경북,2021,242.5
경남,2021,332.5
제주,2021,466.4
서울,2021,1474.4
도심권,2021,1637.8
동북권,2021,1274.6
동남권,2021,2166.3
서북권,2021,1399.0
서남권,2021,1244.1
부산,2021,415.9
대구,2021,404.3
인천,2021,524.5
광주,2021,399.2
대전,2021,454.9
울산,2021,358.2
경기,2021,657.9
강원,2021,261.6
충북,2021,271.2
충남,2021,273.1
전북,2021,234.6
전남,2021,245.5
경북,2021,224.9
경남,2021,311.8
제주,2021,448.2
서울,2021,1402.4
도심권,2021,1524.3
동북권,2021,1238.2
동남권,2021,2108.9
서북권,2021,1276.9
서남권,2021,1147.7
부산,2021,421.0
대구,2021,399.0
인천,2021,519.9
광주,2021,375.5
대전,2021,438.7
울산,2021,351.9
경기,2021,645.4
강원,2021,261.0
충북,2021,264.7
충남,2021,262.2
전북,2021,231.4
전남,2021,234.3
경북,2021,219.3
경남,2021,296.0
제주,2021,394.2
서울,2021,1447.8
도심권,2021,1648.6
동북권,2021,1205.5
동남권,2021,2048.4
서북권,2021,1347.4
서남권,2021,1188.5
부산,2021,395.4
대구,2021,394.6
인천,2021,504.9
광주,2021,375.3
대전,2021,410.6
울산,2021,339.6
경기,2021,632.8
강원,2021,253.3
충북,2021,251.2
충남,2021,257.3
전북,2021,238.9
전남,2021,226.2
경북,2021,224.8
경남,2021,294.0
제주,2021,404.5
서울,2022,1417.9
도심권,2022,1455.0
동북권,2022,1236.4
동남권,2022,2109.1
서북권,2022,1282.0
서남권,2022,1168.2
부산,2022,414.9
대구,2022,395.4
인천,2022,493.1
광주,2022,355.6
대전,2022,422.5
울산,2022,358.5
경기,2022,643.9
강원,2022,252.7
충북,2022,255.4
충남,2022,260.1
전북,2022,238.0
전남,2022,230.7
경북,2022,218.0
경남,2022,288.1
제주,2022,400.5
서울,2022,1315.5
도심권,2022,1669.2
동북권,2022,1167.1
동남권,2022,1870.2
서북권,2022,1232.9
서남권,2022,1073.8
부산,2022,407.8
대구,2022,386.6
인천,2022,497.6
광주,2022,340.3
대전,2022,425.5
울산,2022,348.6
경기,2022,625.2
강원,2022,254.3
충북,2022,243.2
충남,2022,248.5
전북,2022,230.0
전남,2022,216.5
경북,2022,214.4
경남,2022,286.9
제주,2022,409.9
서울,2022,1417.1
도심권,2022,1633.3
동북권,2022,1211.7
동남권,2022,2084.1
서북권,2022,1343.8
서남권,2022,1154.8
부산,2022,437.3
대구,2022,385.4
인천,2022,517.5
광주,2022,367.6
대전,2022,406.9
울산,2022,349.1
경기,2022,658.2
강원,2022,257.0
충북,2022,244.8
충남,2022,252.6
전북,2022,235.8
전남,2022,239.4
경북,2022,215.4
경남,2022,286.8
제주,2022,455.7
서울,2022,1501.0
도심권,2022,1632.3
동북권,2022,1271.0
동남권,2022,2288.5
서북권,2022,1353.4
서남권,2022,1224.6
부산,2022,421.9
대구,2022,396.1
인천,2022,515.2
광주,2022,372.2
대전,2022,415.3
울산,2022,358.1
경기,2022,655.9
강원,2022,269.0
충북,2022,251.5
충남,2022,255.2
전북,2022,243.8
전남,2022,221.5
경북,2022,217.6
경남,2022,290.7
제주,2022,465.9
서울,2022,1441.8
도심권,2022,1688.4
동북권,2022,1212.6
동남권,2022,2188.2
서북권,2022,1256.5
서남권,2022,1194.8
부산,2022,421.3
대구,2022,393.4
인천,2022,504.7
광주,2022,356.9
대전,2022,402.7
울산,2022,359.4
경기,2022,630.1
강원,2022,263.1
충북,2022,254.4
충남,2022,247.0
전북,2022,246.5
전남,2022,227.0
경북,2022,221.8
경남,2022,287.2
제주,2022,452.1
서울,2022,1405.4
도심권,2022,1431.4
동북권,2022,1154.9
동남권,2022,2194.5
서북권,2022,1214.3
서남권,2022,1203.6
부산,2022,414.6
대구,2022,386.7
인천,2022,492.7
광주,2022,361.9
대전,2022,402.0
울산,2022,334.4
경기,2022,597.9
강원,2022,260.2
충북,2022,251.2
충남,2022,236.5
전북,2022,234.0
전남,2022,222.5
경북,2022,222.9
경남,2022,278.2
제주,2022,454.2
서울,2022,1375.0
도심권,2022,1257.7
동북권,2022,1112.9
동남권,2022,2041.4
서북권,2022,1250.4
서남권,2022,1170.1
부산,2022,398.2
대구,2022,400.5
인천,2022,496.3
광주,2022,335.2
대전,2022,399.8
울산,2022,320.1
경기,2022,578.0
강원,2022,250.7
충북,2022,242.5
충남,2022,240.4
전북,2022,226.3
전남,2022,230.9
경북,2022,217.9
경남,2022,275.3
제주,2022,380.0
서울,2022,1240.6
도심권,2022,1543.6
동북권,2022,1059.3
동남권,2022,1774.2
서북권,2022,1132.0
서남권,2022,1066.6
부산,2022,413.3
대구,2022,396.1
인천,2022,496.8
광주,2022,351.9
대전,2022,385.1
울산,2022,333.0
경기,2022,561.2
강원,2022,257.2
충북,2022,227.4
충남,2022,244.3
전북,2022,225.0
전남,2022,221.2
경북,2022,211.8
경남,2022,278.7
제주,2022,429.0
서울,2022,1248.9
도심권,2022,1216.6
동북권,2022,1035.8
동남권,2022,2032.2
서북권,2022,1233.8
서남권,2022,1053.5
부산,2022,419.1
대구,2022,387.7
인천,2022,485.6
광주,2022,343.5
대전,2022,401.6
울산,2022,330.8
경기,2022,554.8
강원,2022,242.3
충북,2022,233.2
충남,2022,234.4
전북,2022,212.1
전남,2022,213.1
경북,2022,218.6
경남,2022,276.1
제주,2022,445.7
서울,2022,1190.5
도심권,2022,1173.4
동북권,2022,1015.4
동남권,2022,1767.8
서북권,2022,1074.6
서남권,2022,1031.9
부산,2022,446.4
대구,2022,399.3
인천,2022,483.7
광주,2022,342.5
대전,2022,391.5
울산,2022,331.7
경기,2022,544.9
강원,2022,246.4
충북,2022,236.5
충남,2022,244.3
전북,2022,234.6
전남,2022,201.2
경북,2022,209.9
경남,2022,283.9
제주,2022,394.3
서울,2022,1275.9
도심권,2022,1510.4
동북권,2022,931.0
동남권,2022,1904.0
서북권,2022,1134.0
서남권,2022,1027.4
부산,2022,456.8
대구,2022,405.1
인천,2022,500.1
광주,2022,344.4
대전,2022,402.1
울산,2022,365.5
경기,2022,590.4
강원,2022,236.5
충북,2022,229.7
충남,2022,245.2
전북,2022,235.6
전남,2022,213.0
경북,2022,216.5
경남,2022,276.4
제주,2022,403.3
서울,2022,1266.9
도심권,2022,1409.4
동북권,2022,1017.2
동남권,2022,1823.4
서북권,2022,1167.9
서남권,2022,1051.2
부산,2022,456.3
대구,2022,403.0
인천,2022,488.4
광주,2022,361.5
대전,2022,398.8
울산,2022,370.6
경기,2022,588.9
강원,2022,244.6
충북,2022,254.4
충남,2022,258.6
전북,2022,232.7
전남,2022,211.5
경북,2022,219.3
경남,2022,285.1
제주,2022,386.4
서울,2023,1298.1
도심권,2023,1405.3
동북권,2023,1025.7
동남권,2023,1838.6
서북권,2023,1216.8
서남권,2023,1117.9
부산,2023,501.9
대구,2023,410.7
인천,2023,504.4
광주,2023,368.8
대전,2023,422.8
울산,2023,386.4
경기,2023,618.8
강원,2023,255.0
충북,2023,266.2
충남,2023,280.7
전북,2023,249.6
전남,2023,237.3
경북,2023,230.6
경남,2023,323.3
제주,2023,429.2
서울,2023,1357.9
도심권,2023,1516.3
동북권,2023,1050.4
동남권,2023,1914.7
서북권,2023,1219.5
서남권,2023,1136.1
부산,2023,515.6
대구,2023,418.8
인천,2023,517.7
광주,2023,382.5
대전,2023,434.5
울산,2023,398.3
경기,2023,645.1
강원,2023,266.4
충북,2023,285.1
충남,2023,286.6
전북,2023,258.7
전남,2023,236.0
경북,2023,241.7
경남,2023,321.5
제주,2023,440.6
서울,2023,1350.8
도심권,2023,1565.3
동북권,2023,1054.7
동남권,2023,1951.2
서북권,2023,1191.7
서남권,2023,1153.7
부산,2023,501.2
대구,2023,413.2
인천,2023,496.3
광주,2023,381.6
대전,2023,414.8
울산,2023,399.5
경기,2023,624.6
강원,2023,262.8
충북,2023,276.8
충남,2023,270.5
전북,2023,254.5
전남,2023,228.7
경북,2023,233.8
경남,2023,310.2
제주,2023,439.0
서울,2023,1373.4
도심권,2023,1537.4
동북권,2023,1082.3
동남권,2023,1964.0
서북권,2023,1246.9
서남권,2023,1168.1
부산,2023,517.4
대구,2023,421.7
인천,2023,504.3
광주,2023,381.7
대전,2023,423.3
울산,2023,390.7
경기,2023,645.2
강원,2023,267.8
충북,2023,274.7
충남,2023,278.1
전북,2023,255.9
전남,2023,225.6
경북,2023,242.3
경남,2023,317.0
제주,2023,462.0
서울,2023,1439.3
도심권,2023,1624.0
동북권,2023,1102.3
동남권,2023,2065.1
서북권,2023,1317.7
서남권,2023,1212.1
부산,2023,512.1
대구,2023,434.6
인천,2023,507.2
광주,2023,385.3
대전,2023,421.4
울산,2023,408.6
경기,2023,667.3
강원,2023,265.6
충북,2023,286.4
충남,2023,280.7
전북,2023,272.6
전남,2023,227.7
경북,2023,240.4
경남,2023,317.1
제주,2023,471.8
서울,2023,1462.6
도심권,2023,1700.6
동북권,2023,1119.5
동남권,2023,2157.5
서북권,2023,1318.4
서남권,2023,1224.7
부산,2023,498.7
대구,2023,432.0
인천,2023,500.4
광주,2023,395.0
대전,2023,445.1
울산,2023,410.7
경기,2023,672.5
강원,2023,279.2
충북,2023,293.5
충남,2023,286.6
전북,2023,269.9
전남,2023,252.4
경북,2023,247.8
경남,2023,330.2
제주,2023,470.5
서울,2023,1438.7
도심권,2023,1625.1
동북권,2023,1125.9
동남권,2023,2105.5
서북권,2023,1337.5
서남권,2023,1209.9
부산,2023,508.1
대구,2023,427.6
인천,2023,510.9
광주,2023,395.2
대전,2023,453.6
울산,2023,412.6
경기,2023,667.2
강원,2023,279.4
충북,2023,291.4
충남,2023,285.6
전북,2023,266.8
전남,2023,248.6
경북,2023,251.2
경남,2023,331.9
제주,2023,452.1
서울,2023,1474.7
도심권,2023,1720.8
동북권,2023,1136.5
동남권,2023,2184.7
서북권,2023,1332.8
서남권,2023,1230.5
부산,2023,507.8
대구,2023,426.7
인천,2023,502.8
광주,2023,391.3
대전,2023,433.8
울산,2023,397.6
경기,2023,660.5
강원,2023,288.6
충북,2023,291.4
충남,2023,282.0
전북,2023,268.5
전남,2023,237.0
경북,2023,245.3
경남,2023,336.8
제주,2023,476.0
서울,2023,1449.6
도심권,2023,1604.2
동북권,2023,1153.6
동남권,2023,2144.1
서북권,2023,1319.5
서남권,2023,1250.5
부산,2023,519.7
대구,2023,429.0
인천,2023,495.5
광주,2023,385.9
대전,2023,457.5
울산,2023,409.9
경기,2023,657.7
강원,2023,288.4
충북,2023,302.7
충남,2023,286.8
전북,2023,263.8
전남,2023,234.9
경북,2023,247.2
경남,2023,321.3
제주,2023,464.1
서울,2023,1379.9
도심권,2023,1758.8
동북권,2023,1067.5
동남권,2023,2095.2
서북권,2023,1182.5
서남권,2023,1194.3
부산,2023,487.9
대구,2023,413.6
인천,2023,483.1
광주,2023,360.5
대전,2023,429.4
울산,2023,377.2
경기,2023,609.0
강원,2023,289.4
충북,2023,280.6
충남,2023,269.3
전북,2023,248.9
전남,2023,231.0
경북,2023,238.8
경남,2023,306.4
제주,2023,443.7
서울,2023,1355.8
도심권,2023,1512.5
동북권,2023,1022.0
동남권,2023,2014.5
서북권,2023,1225.5
서남권,2023,1200.7
부산,2023,471.5
대구,2023,407.9
인천,2023,477.2
광주,2023,356.9
대전,2023,426.2
울산,2023,380.4
경기,2023,596.8
강원,2023,280.4
충북,2023,276.5
충남,2023,269.3
전북,2023,248.9
전남,2023,234.2
경북,2023,242.1
경남,2023,294.3
제주,2023,436.7
서울,2023,1352.1
도심권,2023,1533.6
동북권,2023,1076.4
동남권,2023,1993.3
서북권,2023,1210.3
서남권,2023,1197.3
부산,2023,484.6
대구,2023,411.5
인천,2023,491.6
광주,2023,356.2
대전,2023,415.8
울산,2023,376.6
경기,2023,612.7
강원,2023,275.4
충북,2023,277.3
충남,2023,263.5
전북,2023,266.4
전남,2023,240.5
경북,2023,238.0
경남,2023,308.3
제주,2023,467.9
서울,2024,1370.7
도심권,2024,1713.2
동북권,2024,1093.6
동남권,2024,2063.3
서북권,2024,1295.6
서남권,2024,1134.6
부산,2024,484.9
대구,2024,407.8
인천,2024,483.7
광주,2024,358.1
대전,2024,415.4
울산,2024,384.8
경기,2024,620.8
강원,2024,276.3
충북,2024,289.5
충남,2024,276.2
전북,2024,258.6
전남,2024,237.0
경북,2024,244.2
경남,2024,310.1
제주,2024,451.4
서울,2024,1401.0
도심권,2024,1722.3
동북권,2024,1102.0
동남권,2024,2087.7
서북권,2024,1276.7
서남권,2024,1204.6
부산,2024,483.6
대구,2024,392.3
인천,2024,489.5
광주,2024,358.9
대전,2024,416.7
울산,2024,377.6
경기,2024,625.2
강원,2024,275.2
충북,2024,282.3
충남,2024,274.6
전북,2024,247.5
전남,2024,228.8
경북,2024,237.2
경남,2024,303.3
제주,2024,451.1
서울,2024,1442.9
도심권,2024,1815.0
동북권,2024,1151.1
동남권,2024,2157.6
서북권,2024,1342.0
서남권,2024,1177.8
부산,2024,485.7
대구,2024,414.1
인천,2024,497.5
광주,2024,367.8
대전,2024,417.5
울산,2024,403.4
경기,2024,646.6
강원,2024,277.2
충북,2024,288.5
충남,2024,281.9
전북,2024,275.6
전남,2024,238.2
경북,2024,240.0
경남,2024,304.3
제주,2024,441.1
서울,2024,1473.5
도심권,2024,1751.6
동북권,2024,1147.9
동남권,2024,2196.7
서북권,2024,1382.8
서남권,2024,1235.0
부산,2024,491.8
대구,2024,411.0
인천,2024,503.0
광주,2024,371.7
대전,2024,423.7
울산,2024,389.4
경기,2024,666.4
강원,2024,279.5
충북,2024,286.2
충남,2024,272.9
전북,2024,271.0
전남,2024,243.3
경북,2024,235.6
경남,2024,306.4
제주,2024,472.7
서울,2024,1527.8
도심권,2024,1807.7
동북권,2024,1174.2
동남권,2024,2232.8
서북권,2024,1396.5
서남권,2024,1259.8
부산,2024,484.4
대구,2024,440.6
인천,2024,511.0
광주,2024,365.2
대전,2024,444.6
울산,2024,404.0
경기,2024,692.3
강원,2024,283.7
충북,2024,288.5
충남,2024,282.2
전북,2024,266.5
전남,2024,242.5
경북,2024,237.4
경남,2024,317.3
제주,2024,459.9
서울,2024,1603.4
도심권,2024,1860.7
동북권,2024,1247.6
동남권,2024,2282.0
서북권,2024,1439.6
서남권,2024,1328.2
부산,2024,520.6
대구,2024,443.4
인천,2024,518.7
광주,2024,372.0
대전,2024,444.5
울산,2024,412.9
경기,2024,753.5
강원,2024,304.4
충북,2024,284.8
충남,2024,291.2
전북,2024,289.2
전남,2024,250.0
경북,2024,244.7
경남,2024,323.5
제주,2024,491.5
서울,2024,1566.9
도심권,2024,1858.9
동북권,2024,1197.9
동남권,2024,2270.5
서북권,2024,1467.4
서남권,2024,1342.4
부산,2024,541.8
대구,2024,451.3
인천,2024,540.4
광주,2024,387.5
대전,2024,461.5
울산,2024,410.3
경기,2024,754.9
강원,2024,289.9
충북,2024,295.6
충남,2024,303.1
전북,2024,292.3
전남,2024,240.8
경북,2024,243.3
경남,2024,339.8
제주,2024,490.5
서울,2024,1530.6
도심권,2024,1827.2
동북권,2024,1193.0
동남권,2024,2275.2
서북권,2024,1438.9
서남권,2024,1319.2
부산,2024,540.0
대구,2024,455.1
인천,2024,535.5
광주,2024,389.3
대전,2024,466.6
울산,2024,413.1
경기,2024,723.0
강원,2024,290.1
충북,2024,297.1
충남,2024,296.1
전북,2024,287.7
전남,2024,241.4
경북,2024,246.2
경남,2024,329.9
제주,2024,486.9
서울,2024,1499.7
도심권,2024,1807.6
동북권,2024,1148.6
동남권,2024,2296.5
서북권,2024,1314.7
서남권,2024,1316.6
부산,2024,505.9
대구,2024,428.6
인천,2024,506.3
광주,2024,396.8
대전,2024,467.2
울산,2024,390.8
경기,2024,667.8
강원,2024,290.8
충북,2024,294.2
충남,2024,290.3
전북,2024,279.6
전남,2024,253.4
경북,2024,240.7
경남,2024,324.5
제주,2024,443.3
서울,2024,1505.8
도심권,2024,1860.4
동북권,2024,1122.6
동남권,2024,2323.2
서북권,2024,1354.7
서남권,2024,1283.4
부산,2024,522.0
대구,2024,433.0
인천,2024,512.8
광주,2024,383.3
대전,2024,448.5
울산,2024,410.9
경기,2024,680.4
강원,2024,296.5
충북,2024,290.1
충남,2024,282.5
전북,2024,289.2
전남,2024,253.9
경북,2024,242.0
경남,2024,323.9
제주,2024,491.8
서울,2024,1581.1
도심권,2024,1892.5
동북권,2024,1186.0
동남권,2024,2396.4
서북권,2024,1384.4
서남권,2024,1322.3
부산,2024,502.5
대구,2024,433.7
인천,2024,518.5
광주,2024,387.6
대전,2024,443.6
울산,2024,397.3
경기,2024,676.4
강원,2024,289.8
충북,2024,294.8
충남,2024,285.6
전북,2024,284.6
전남,2024,250.5
경북,2024,241.7
경남,2024,324.7
제주,2024,493.4
서울,2024,1590.4
도심권,2024,1788.9
동북권,2024,1159.2
동남권,2024,2480.0
서북권,2024,1405.5
서남권,2024,1327.7
부산,2024,496.7
대구,2024,427.0
인천,2024,513.8
광주,2024,377.5
대전,2024,445.7
울산,2024,401.9
경기,2024,676.0
강원,2024,289.1
충북,2024,291.3
충남,2024,286.3
전북,2024,282.9
전남,2024,242.0
경북,2024,244.0
경남,2024,316.0
제주,2024,484.1
서울,2025,1644.3
도심권,2025,1941.0
동북권,2025,1232.5
동남권,2025,2429.3
서북권,2025,1495.4
서남권,2025,1321.4
부산,2025,493.6
대구,2025,426.3
인천,2025,503.5
광주,2025,376.8
대전,2025,424.5
울산,2025,392.3
경기,2025,688.7
강원,2025,288.6
충북,2025,281.3
충남,2025,285.0
전북,2025,285.4
전남,2025,253.2
경북,2025,249.4
경남,2025,317.7
제주,2025,449.4
